Name: CCTV-1, URL: http://php.jdshipin.com/TVOD/iptv.php?id=rthk33, IPv_Type: ipv6, Location: 美国, ISP: CloudFlare Inc., Date: None, Delay: -1 ms, Speed: 0.00 M/s, Resolution: None
Name: CCTV-1, URL: http://[2409:8087:74f0:22::4]:6610/270000001128/9900000501/index.m3u8, IPv_Type: ipv6, Location: 中国, ISP: 中国移动, Date: None, Delay: -1 ms, Speed: 0.00 M/s, Resolution: None
Name: CCTV-1, URL: http://[2409:8087:1a01:df::4077]/ottrrs.hl.chinamobile.com/PLTV/88888888/8/3221226016/index.m3u8, IPv_Type: ipv6, Location: 中国, ISP: 中国移动, Date: None, Delay: -1 ms, Speed: 0.00 M/s, Resolution: None
Name: CCTV-1, URL: http://[2409:8087:1a01:df::7005]/ottrrs.hl.chinamobile.com/PLTV/88888888/224/3221226559/index.m3u8, IPv_Type: ipv6, Location: 中国, ISP: 中国移动, Date: None, Delay: -1 ms, Speed: 0.00 M/s, Resolution: None
Name: CCTV-1, URL: http://[2409:8087:1a01:df::7005]:80/ottrrs.hl.chinamobile.com/PLTV/88888888/224/3221226559/index.m3u8, IPv_Type: ipv6, Location: 中国, ISP: 中国移动, Date: None, Delay: -1 ms, Speed: 0.00 M/s, Resolution: None
Name: CCTV-1, URL: http://[2409:8087:8:21::18]:6610/otttv.bj.chinamobile.com/PLTV/88888888/224/3221226895/1.m3u8, IPv_Type: ipv6, Location: 中国, ISP: 中国移动, Date: None, Delay: -1 ms, Speed: 0.00 M/s, Resolution: None
Name: CCTV-1, URL: http://iptv.huuc.edu.cn/hls/cctv1hd.m3u8, IPv_Type: ipv6, Location: 中国, ISP: 教育网, Date: None, Delay: -1 ms, Speed: 0.00 M/s, Resolution: None
Name: CCTV-1, URL: https://cdn5.163189.xyz/live/cctv1/stream.m3u8, IPv_Type: ipv6, Location: 美国, ISP: CloudFlare Inc., Date: None, Delay: -1 ms, Speed: 0.00 M/s, Resolution: None
Name: CCTV-1, URL: http://[2409:8087:8:21::18]:6610/otttv.bj.chinamobile.com/PLTV/88888888/224/3221226338/1.m3u8, IPv_Type: ipv6, Location: 中国, ISP: 中国移动, Date: None, Delay: -1 ms, Speed: 0.00 M/s, Resolution: None
Name: CCTV-1, URL: https://cc06.tv12.xyz/1.m3u8, IPv_Type: ipv6, Location: 美国, ISP: CloudFlare Inc., Date: None, Delay: -1 ms, Speed: 0.00 M/s, Resolution: None
Name: CCTV-2, URL: http://php.jdshipin.com/TVOD/hljyd.php?id=3221225588, IPv_Type: ipv6, Location: 美国, ISP: CloudFlare Inc., Date: None, Delay: -1 ms, Speed: 0.00 M/s, Resolution: None
Name: CCTV-2, URL: http://goo.bkpcp.top/mg/CCTV2, IPv_Type: ipv6, Location: 美国, ISP: CloudFlare Inc., Date: None, Delay: -1 ms, Speed: 0.00 M/s, Resolution: None
Name: CCTV-2, URL: http://[2409:8087:74f0:22::4]:6410/270000001128/9900000502/index.m3u8, IPv_Type: ipv6, Location: 中国, ISP: 中国移动, Date: None, Delay: -1 ms, Speed: 0.00 M/s, Resolution: None
Name: CCTV-2, URL: http://[2409:8087:1a01:df::4077]/ottrrs.hl.chinamobile.com/PLTV/88888888/8/3221225588/index.m3u8, IPv_Type: ipv6, Location: 中国, ISP: 中国移动, Date: None, Delay: -1 ms, Speed: 0.00 M/s, Resolution: None
Name: CCTV-2, URL: http://[2409:8087:1a01:df::7005]/ottrrs.hl.chinamobile.com/PLTV/88888888/224/3221226540/index.m3u8, IPv_Type: ipv6, Location: 中国, ISP: 中国移动, Date: None, Delay: -1 ms, Speed: 0.00 M/s, Resolution: None
Name: CCTV-2, URL: http://[2409:8087:1a01:df::7005]:80/ottrrs.hl.chinamobile.com/PLTV/88888888/224/3221226540/index.m3u8, IPv_Type: ipv6, Location: 中国, ISP: 中国移动, Date: None, Delay: -1 ms, Speed: 0.00 M/s, Resolution: None
Name: CCTV-2, URL: http://[2409:8087:8:21::18]:6610/otttv.bj.chinamobile.com/PLTV/88888888/224/3221226893/1.m3u8, IPv_Type: ipv6, Location: 中国, ISP: 中国移动, Date: None, Delay: -1 ms, Speed: 0.00 M/s, Resolution: None
Name: CCTV-2, URL: http://[2409:8087:8:21::18]:6610/otttv.bj.chinamobile.com/PLTV/88888888/224/3221226230/1.m3u8, IPv_Type: ipv6, Location: 中国, ISP: 中国移动, Date: None, Delay: -1 ms, Speed: 0.00 M/s, Resolution: None
Name: CCTV-2, URL: http://[2409:8087:8:21::18]:6610/otttv.bj.chinamobile.com/PLTV/88888888/224/3221226371/1.m3u8, IPv_Type: ipv6, Location: 中国, ISP: 中国移动, Date: None, Delay: -1 ms, Speed: 0.00 M/s, Resolution: None
Name: CCTV-2, URL: http://iptv.huuc.edu.cn/hls/cctv2hd.m3u8, IPv_Type: ipv6, Location: 中国, ISP: 教育网, Date: None, Delay: -1 ms, Speed: 0.00 M/s, Resolution: None
Name: CCTV-2, URL: https://cc06.tv12.xyz/2.m3u8, IPv_Type: ipv6, Location: 美国, ISP: CloudFlare Inc., Date: None, Delay: -1 ms, Speed: 0.00 M/s, Resolution: None
Name: CCTV-3, URL: http://php.jdshipin.com/TVOD/hljyd.php?id=3221226021, IPv_Type: ipv6, Location: 美国, ISP: CloudFlare Inc., Date: None, Delay: -1 ms, Speed: 0.00 M/s, Resolution: None
Name: CCTV-3, URL: http://[2409:8087:74f0:22::4]:6410/270000001111/1110000303/index.m3u8, IPv_Type: ipv6, Location: 中国, ISP: 中国移动, Date: None, Delay: -1 ms, Speed: 0.00 M/s, Resolution: None
Name: CCTV-3, URL: http://[2409:8087:1a01:df::4077]/ottrrs.hl.chinamobile.com/PLTV/88888888/8/3221226021/index.m3u8, IPv_Type: ipv6, Location: 中国, ISP: 中国移动, Date: None, Delay: -1 ms, Speed: 0.00 M/s, Resolution: None
Name: CCTV-3, URL: http://[2409:8087:1a01:df::7005]/ottrrs.hl.chinamobile.com/PLTV/88888888/224/3221226021/index.m3u8, IPv_Type: ipv6, Location: 中国, ISP: 中国移动, Date: None, Delay: -1 ms, Speed: 0.00 M/s, Resolution: None
Name: CCTV-3, URL: http://[2409:8087:1a01:df::7005]:80/ottrrs.hl.chinamobile.com/PLTV/88888888/224/3221226021/index.m3u8, IPv_Type: ipv6, Location: 中国, ISP: 中国移动, Date: None, Delay: -1 ms, Speed: 0.00 M/s, Resolution: None
Name: CCTV-3, URL: http://[2409:8087:8:21::18]:6610/otttv.bj.chinamobile.com/PLTV/88888888/224/3221226471/1.m3u8, IPv_Type: ipv6, Location: 中国, ISP: 中国移动, Date: None, Delay: -1 ms, Speed: 0.00 M/s, Resolution: None
Name: CCTV-3, URL: http://[2409:8087:1a01:df::4041]:80/TVOD/88888888/224/3221225799/main.m3u8, IPv_Type: ipv6, Location: 中国, ISP: 中国移动, Date: None, Delay: -1 ms, Speed: 0.00 M/s, Resolution: None
Name: CCTV-3, URL: http://[2409:8087:8:21::18]:6610/otttv.bj.chinamobile.com/PLTV/88888888/224/3221226456/1.m3u8, IPv_Type: ipv6, Location: 中国, ISP: 中国移动, Date: None, Delay: -1 ms, Speed: 0.00 M/s, Resolution: None
Name: CCTV-3, URL: http://iptv.huuc.edu.cn/hls/cctv3hd.m3u8, IPv_Type: ipv6, Location: 中国, ISP: 教育网, Date: None, Delay: -1 ms, Speed: 0.00 M/s, Resolution: None
Name: CCTV-3, URL: http://lu.wqwqwq.sbs/itv/1000000005000265003.m3u8?cdn=ystenlive, IPv_Type: ipv6, Location: 美国, ISP: CloudFlare Inc., Date: None, Delay: -1 ms, Speed: 0.00 M/s, Resolution: None
Name: CCTV-3, URL: https://cc06.tv12.xyz/3.m3u8, IPv_Type: ipv6, Location: 美国, ISP: CloudFlare Inc., Date: None, Delay: -1 ms, Speed: 0.00 M/s, Resolution: None
Name: CCTV-4, URL: http://php.jdshipin.com/TVOD/hljyd.php?id=3221226428, IPv_Type: ipv6, Location: 美国, ISP: CloudFlare Inc., Date: None, Delay: -1 ms, Speed: 0.00 M/s, Resolution: None
Name: CCTV-4, URL: http://z.b.bkpcp.top/m.php?id=CCTV-4国际, IPv_Type: ipv6, Location: 美国, ISP: CloudFlare Inc., Date: None, Delay: -1 ms, Speed: 0.00 M/s, Resolution: None
Name: CCTV-4, URL: http://[2409:8087:74f0:22::4]:6410/270000001128/9900000503/index.m3u8, IPv_Type: ipv6, Location: 中国, ISP: 中国移动, Date: None, Delay: -1 ms, Speed: 0.00 M/s, Resolution: None
Name: CCTV-4, URL: http://[2409:8087:1a01:df::4077]/ottrrs.hl.chinamobile.com/PLTV/88888888/8/3221226007/index.m3u8, IPv_Type: ipv6, Location: 中国, ISP: 中国移动, Date: None, Delay: -1 ms, Speed: 0.00 M/s, Resolution: None
Name: CCTV-4, URL: http://[2409:8087:1a01:df::7005]/ottrrs.hl.chinamobile.com/PLTV/88888888/224/3221226428/index.m3u8, IPv_Type: ipv6, Location: 中国, ISP: 中国移动, Date: None, Delay: -1 ms, Speed: 0.00 M/s, Resolution: None
Name: CCTV-4, URL: http://[2409:8087:1a01:df::7005]:80/ottrrs.hl.chinamobile.com/PLTV/88888888/224/3221226428/index.m3u8, IPv_Type: ipv6, Location: 中国, ISP: 中国移动, Date: None, Delay: -1 ms, Speed: 0.00 M/s, Resolution: None
Name: CCTV-4, URL: http://[2409:8087:8:21::18]:6610/otttv.bj.chinamobile.com/PLTV/88888888/224/3221226335/1.m3u8, IPv_Type: ipv6, Location: 中国, ISP: 中国移动, Date: None, Delay: -1 ms, Speed: 0.00 M/s, Resolution: None
Name: CCTV-4, URL: http://iptv.huuc.edu.cn/hls/cctv4hd.m3u8, IPv_Type: ipv6, Location: 中国, ISP: 教育网, Date: None, Delay: -1 ms, Speed: 0.00 M/s, Resolution: None
Name: CCTV-4, URL: https://cc06.tv12.xyz/4.m3u8, IPv_Type: ipv6, Location: 美国, ISP: CloudFlare Inc., Date: None, Delay: -1 ms, Speed: 0.00 M/s, Resolution: None
Name: CCTV-4, URL: https://dash2.antik.sk/live/test_cctv_tizen/playlist.m3u8, IPv_Type: ipv6, Location: 斯洛伐克, ISP: , Date: None, Delay: -1 ms, Speed: 0.00 M/s, Resolution: None
Name: CCTV-5, URL: http://php.jdshipin.com/TVOD/hljyd.php?id=3221226019, IPv_Type: ipv6, Location: 美国, ISP: CloudFlare Inc., Date: None, Delay: -1 ms, Speed: 0.00 M/s, Resolution: None
Name: CCTV-5, URL: http://[2409:8087:74f0:22::4]:6410/270000001111/1110000305/index.m3u8, IPv_Type: ipv6, Location: 中国, ISP: 中国移动, Date: None, Delay: -1 ms, Speed: 0.00 M/s, Resolution: None
Name: CCTV-5, URL: http://[2409:8087:1a01:df::4077]/ottrrs.hl.chinamobile.com/PLTV/88888888/8/3221226019/index.m3u8, IPv_Type: ipv6, Location: 中国, ISP: 中国移动, Date: None, Delay: -1 ms, Speed: 0.00 M/s, Resolution: None
Name: CCTV-5, URL: http://[2409:8087:1a01:df::7005]/ottrrs.hl.chinamobile.com/PLTV/88888888/224/3221226019/index.m3u8, IPv_Type: ipv6, Location: 中国, ISP: 中国移动, Date: None, Delay: -1 ms, Speed: 0.00 M/s, Resolution: None
Name: CCTV-5, URL: http://[2409:8087:1a01:df::7005]:80/ottrrs.hl.chinamobile.com/PLTV/88888888/224/3221226019/index.m3u8, IPv_Type: ipv6, Location: 中国, ISP: 中国移动, Date: None, Delay: -1 ms, Speed: 0.00 M/s, Resolution: None
Name: CCTV-5, URL: http://[2409:8087:8:21::18]:6610/otttv.bj.chinamobile.com/PLTV/88888888/224/3221226469/1.m3u8, IPv_Type: ipv6, Location: 中国, ISP: 中国移动, Date: None, Delay: -1 ms, Speed: 0.00 M/s, Resolution: None
Name: CCTV-5, URL: http://iptv.huuc.edu.cn/hls/cctv5hd.m3u8, IPv_Type: ipv6, Location: 中国, ISP: 教育网, Date: None, Delay: -1 ms, Speed: 0.00 M/s, Resolution: None
Name: CCTV-5, URL: http://[2409:8087:8:21::18]:6610/otttv.bj.chinamobile.com/PLTV/88888888/224/3221226894/1.m3u8, IPv_Type: ipv6, Location: 中国, ISP: 中国移动, Date: None, Delay: -1 ms, Speed: 0.00 M/s, Resolution: None
Name: CCTV-5, URL: https://ldcctvwbcdks.v.kcdnvip.com/ldcctvwbcd/cdrmldcctv5plus_1/index.m3u8?b=200-2100, IPv_Type: ipv6, Location: 中国, ISP: 中国电信, Date: None, Delay: -1 ms, Speed: 0.00 M/s, Resolution: None
Name: CCTV-5, URL: https://ldcctvwbcdks.v.kcdnvip.com/ldcctvwbcd/cdrmldcctv5plus_1/index.m3u8?BR=td&region=shanghai, IPv_Type: ipv6, Location: 中国, ISP: 中国电信, Date: None, Delay: -1 ms, Speed: 0.00 M/s, Resolution: None
Name: CCTV-5, URL: http://lu.wqwqwq.sbs/itv/1000000005000265005.m3u8?cdn=ystenlive, IPv_Type: ipv6, Location: 美国, ISP: CloudFlare Inc., Date: None, Delay: -1 ms, Speed: 0.00 M/s, Resolution: None
Name: CCTV-5, URL: https://cc06.tv12.xyz/5.m3u8, IPv_Type: ipv6, Location: 美国, ISP: CloudFlare Inc., Date: None, Delay: -1 ms, Speed: 0.00 M/s, Resolution: None
Name: CCTV-5+, URL: http://php.jdshipin.com/TVOD/hljyd.php?id=3221225603, IPv_Type: ipv6, Location: 美国, ISP: CloudFlare Inc., Date: None, Delay: -1 ms, Speed: 0.00 M/s, Resolution: None
Name: CCTV-5+, URL: http://[2409:8087:74f0:22::4]:6410/270000001111/1110000306/index.m3u8, IPv_Type: ipv6, Location: 中国, ISP: 中国移动, Date: None, Delay: -1 ms, Speed: 0.00 M/s, Resolution: None
Name: CCTV-5+, URL: http://[2409:8087:74f0:22::4]:6410/270000001128/9900000506/index.m3u8, IPv_Type: ipv6, Location: 中国, ISP: 中国移动, Date: None, Delay: -1 ms, Speed: 0.00 M/s, Resolution: None
Name: CCTV-5+, URL: http://[2409:8087:74f0:22::4]:6410/270000001128/9900000507/index.m3u8, IPv_Type: ipv6, Location: 中国, ISP: 中国移动, Date: None, Delay: -1 ms, Speed: 0.00 M/s, Resolution: None
Name: CCTV-5+, URL: http://[2409:8087:1a01:df::4077]/ottrrs.hl.chinamobile.com/PLTV/88888888/8/3221225603/index.m3u8, IPv_Type: ipv6, Location: 中国, ISP: 中国移动, Date: None, Delay: -1 ms, Speed: 0.00 M/s, Resolution: None
Name: CCTV-5+, URL: http://[2409:8087:1a01:df::7005]/ottrrs.hl.chinamobile.com/PLTV/88888888/224/3221225603/index.m3u8, IPv_Type: ipv6, Location: 中国, ISP: 中国移动, Date: None, Delay: -1 ms, Speed: 0.00 M/s, Resolution: None
Name: CCTV-5+, URL: http://[2409:8087:1a01:df::7005]:80/ottrrs.hl.chinamobile.com/PLTV/88888888/224/3221225603/index.m3u8, IPv_Type: ipv6, Location: 中国, ISP: 中国移动, Date: None, Delay: -1 ms, Speed: 0.00 M/s, Resolution: None
Name: CCTV-5+, URL: http://[2409:8087:8:21::18]:6610/otttv.bj.chinamobile.com/PLTV/88888888/224/3221226894/1.m3u8, IPv_Type: ipv6, Location: 中国, ISP: 中国移动, Date: None, Delay: -1 ms, Speed: 0.00 M/s, Resolution: None
Name: CCTV-5+, URL: http://[2409:8087:8:21::18]:6610/otttv.bj.chinamobile.com/PLTV/88888888/224/3221226349/1.m3u8, IPv_Type: ipv6, Location: 中国, ISP: 中国移动, Date: None, Delay: -1 ms, Speed: 0.00 M/s, Resolution: None
Name: CCTV-5+, URL: http://lu.wqwqwq.sbs/itv/1000000005000265016.m3u8?cdn=ystenlive, IPv_Type: ipv6, Location: 美国, ISP: CloudFlare Inc., Date: None, Delay: -1 ms, Speed: 0.00 M/s, Resolution: None
Name: CCTV-5+, URL: https://cc06.tv12.xyz/6.m3u8, IPv_Type: ipv6, Location: 美国, ISP: CloudFlare Inc., Date: None, Delay: -1 ms, Speed: 0.00 M/s, Resolution: None
Name: CCTV-6, URL: http://php.jdshipin.com/TVOD/hljyd.php?id=3221226010, IPv_Type: ipv6, Location: 美国, ISP: CloudFlare Inc., Date: None, Delay: -1 ms, Speed: 0.00 M/s, Resolution: None
Name: CCTV-6, URL: http://[2409:8087:74f0:22::4]:6410/270000001111/1110000307/index.m3u8, IPv_Type: ipv6, Location: 中国, ISP: 中国移动, Date: None, Delay: -1 ms, Speed: 0.00 M/s, Resolution: None
Name: CCTV-6, URL: http://[2409:8087:1a01:df::4077]/ottrrs.hl.chinamobile.com/PLTV/88888888/8/3221226010/index.m3u8, IPv_Type: ipv6, Location: 中国, ISP: 中国移动, Date: None, Delay: -1 ms, Speed: 0.00 M/s, Resolution: None
Name: CCTV-6, URL: http://[2409:8087:1a01:df::7005]/ottrrs.hl.chinamobile.com/PLTV/88888888/224/3221226010/index.m3u8, IPv_Type: ipv6, Location: 中国, ISP: 中国移动, Date: None, Delay: -1 ms, Speed: 0.00 M/s, Resolution: None
Name: CCTV-6, URL: http://[2409:8087:1a01:df::7005]:80/ottrrs.hl.chinamobile.com/PLTV/88888888/224/3221226010/index.m3u8, IPv_Type: ipv6, Location: 中国, ISP: 中国移动, Date: None, Delay: -1 ms, Speed: 0.00 M/s, Resolution: None
Name: CCTV-6, URL: http://[2409:8087:8:21::18]:6610/otttv.bj.chinamobile.com/PLTV/88888888/224/3221226468/1.m3u8, IPv_Type: ipv6, Location: 中国, ISP: 中国移动, Date: None, Delay: -1 ms, Speed: 0.00 M/s, Resolution: None
Name: CCTV-6, URL: http://iptv.huuc.edu.cn/hls/cctv6hd.m3u8, IPv_Type: ipv6, Location: 中国, ISP: 教育网, Date: None, Delay: -1 ms, Speed: 0.00 M/s, Resolution: None
Name: CCTV-6, URL: https://migu.188766.xyz/?migutoken=6818dd0cb7452ab9cba884dc087f5f3e&id=CCTV6&pp=1, IPv_Type: ipv6, Location: 美国, ISP: CloudFlare Inc., Date: None, Delay: -1 ms, Speed: 0.00 M/s, Resolution: None
Name: CCTV-6, URL: https://cc06.tv12.xyz/7.m3u8, IPv_Type: ipv6, Location: 美国, ISP: CloudFlare Inc., Date: None, Delay: -1 ms, Speed: 0.00 M/s, Resolution: None
Name: CCTV-7, URL: http://php.jdshipin.com/TVOD/hljyd.php?id=3221225733, IPv_Type: ipv6, Location: 美国, ISP: CloudFlare Inc., Date: None, Delay: -1 ms, Speed: 0.00 M/s, Resolution: None
Name: CCTV-7, URL: http://goo.bkpcp.top/mg/CCTV7, IPv_Type: ipv6, Location: 美国, ISP: CloudFlare Inc., Date: None, Delay: -1 ms, Speed: 0.00 M/s, Resolution: None
Name: CCTV-7, URL: http://[2409:8087:74f0:22::4]:6410/270000001128/9900000504/index.m3u8, IPv_Type: ipv6, Location: 中国, ISP: 中国移动, Date: None, Delay: -1 ms, Speed: 0.00 M/s, Resolution: None
Name: CCTV-7, URL: http://[2409:8087:1a01:df::4077]/ottrrs.hl.chinamobile.com/PLTV/88888888/8/3221225733/index.m3u8, IPv_Type: ipv6, Location: 中国, ISP: 中国移动, Date: None, Delay: -1 ms, Speed: 0.00 M/s, Resolution: None
Name: CCTV-7, URL: http://[2409:8087:1a01:df::7005]/ottrrs.hl.chinamobile.com/PLTV/88888888/224/3221225733/index.m3u8, IPv_Type: ipv6, Location: 中国, ISP: 中国移动, Date: None, Delay: -1 ms, Speed: 0.00 M/s, Resolution: None
Name: CCTV-7, URL: http://[2409:8087:1a01:df::7005]:80/ottrrs.hl.chinamobile.com/PLTV/88888888/224/3221225733/index.m3u8, IPv_Type: ipv6, Location: 中国, ISP: 中国移动, Date: None, Delay: -1 ms, Speed: 0.00 M/s, Resolution: None
Name: CCTV-7, URL: http://[2409:8087:8:21::18]:6610/otttv.bj.chinamobile.com/PLTV/88888888/224/3221226946/1.m3u8, IPv_Type: ipv6, Location: 中国, ISP: 中国移动, Date: None, Delay: -1 ms, Speed: 0.00 M/s, Resolution: None
Name: CCTV-7, URL: http://[2409:8087:8:21::18]:6610/otttv.bj.chinamobile.com/PLTV/88888888/224/3221226234/1.m3u8, IPv_Type: ipv6, Location: 中国, ISP: 中国移动, Date: None, Delay: -1 ms, Speed: 0.00 M/s, Resolution: None
Name: CCTV-7, URL: http://iptv.huuc.edu.cn/hls/cctv7hd.m3u8, IPv_Type: ipv6, Location: 中国, ISP: 教育网, Date: None, Delay: -1 ms, Speed: 0.00 M/s, Resolution: None
Name: CCTV-7, URL: http://[2409:8087:8:21::18]:6610/otttv.bj.chinamobile.com/PLTV/88888888/224/3221226451/1.m3u8, IPv_Type: ipv6, Location: 中国, ISP: 中国移动, Date: None, Delay: -1 ms, Speed: 0.00 M/s, Resolution: None
Name: CCTV-7, URL: https://cc06.tv12.xyz/8.m3u8, IPv_Type: ipv6, Location: 美国, ISP: CloudFlare Inc., Date: None, Delay: -1 ms, Speed: 0.00 M/s, Resolution: None
Name: CCTV-8, URL: http://php.jdshipin.com/TVOD/hljyd.php?id=3221226008, IPv_Type: ipv6, Location: 美国, ISP: CloudFlare Inc., Date: None, Delay: -1 ms, Speed: 0.00 M/s, Resolution: None
Name: CCTV-8, URL: http://goo.bkpcp.top/mg/cctv8, IPv_Type: ipv6, Location: 美国, ISP: CloudFlare Inc., Date: None, Delay: -1 ms, Speed: 0.00 M/s, Resolution: None
Name: CCTV-8, URL: http://[2409:8087:74f0:22::9]:6410/270000001111/1110000309/index.m3u8, IPv_Type: ipv6, Location: 中国, ISP: 中国移动, Date: None, Delay: -1 ms, Speed: 0.00 M/s, Resolution: None
Name: CCTV-8, URL: http://[2409:8087:1a01:df::4077]/ottrrs.hl.chinamobile.com/PLTV/88888888/8/3221226008/index.m3u8, IPv_Type: ipv6, Location: 中国, ISP: 中国移动, Date: None, Delay: -1 ms, Speed: 0.00 M/s, Resolution: None
Name: CCTV-8, URL: http://[2409:8087:1a01:df::7005]/ottrrs.hl.chinamobile.com/PLTV/88888888/224/3221226008/index.m3u8, IPv_Type: ipv6, Location: 中国, ISP: 中国移动, Date: None, Delay: -1 ms, Speed: 0.00 M/s, Resolution: None
Name: CCTV-8, URL: http://[2409:8087:1a01:df::7005]:80/ottrrs.hl.chinamobile.com/PLTV/88888888/224/3221226008/index.m3u8, IPv_Type: ipv6, Location: 中国, ISP: 中国移动, Date: None, Delay: -1 ms, Speed: 0.00 M/s, Resolution: None
Name: CCTV-8, URL: http://[2409:8087:8:21::18]:6610/otttv.bj.chinamobile.com/PLTV/88888888/224/3221226485/1.m3u8, IPv_Type: ipv6, Location: 中国, ISP: 中国移动, Date: None, Delay: -1 ms, Speed: 0.00 M/s, Resolution: None
Name: CCTV-8, URL: http://[2409:8087:1a01:df::4051]:80/TVOD/88888888/224/3221225795/main.m3u8, IPv_Type: ipv6, Location: 中国, ISP: 中国移动, Date: None, Delay: -1 ms, Speed: 0.00 M/s, Resolution: None
Name: CCTV-8, URL: http://[2409:8087:8:21::18]:6610/otttv.bj.chinamobile.com/PLTV/88888888/224/3221226451/1.m3u8, IPv_Type: ipv6, Location: 中国, ISP: 中国移动, Date: None, Delay: -1 ms, Speed: 0.00 M/s, Resolution: None
Name: CCTV-8, URL: http://iptv.huuc.edu.cn/hls/cctv8hd.m3u8, IPv_Type: ipv6, Location: 中国, ISP: 教育网, Date: None, Delay: -1 ms, Speed: 0.00 M/s, Resolution: None
Name: CCTV-8, URL: https://cc06.tv12.xyz/9.m3u8, IPv_Type: ipv6, Location: 美国, ISP: CloudFlare Inc., Date: None, Delay: -1 ms, Speed: 0.00 M/s, Resolution: None
Name: CCTV-9, URL: http://php.jdshipin.com/TVOD/hljyd.php?id=3221225734, IPv_Type: ipv6, Location: 美国, ISP: CloudFlare Inc., Date: None, Delay: -1 ms, Speed: 0.00 M/s, Resolution: None
Name: CCTV-9, URL: http://[2409:8087:74f0:22::4]:6410/270000001128/9900000505/index.m3u8, IPv_Type: ipv6, Location: 中国, ISP: 中国移动, Date: None, Delay: -1 ms, Speed: 0.00 M/s, Resolution: None
Name: CCTV-9, URL: http://[2409:8087:1a01:df::4077]/ottrrs.hl.chinamobile.com/PLTV/88888888/8/3221225734/index.m3u8, IPv_Type: ipv6, Location: 中国, ISP: 中国移动, Date: None, Delay: -1 ms, Speed: 0.00 M/s, Resolution: None
Name: CCTV-9, URL: http://[2409:8087:1a01:df::7005]/ottrrs.hl.chinamobile.com/PLTV/88888888/224/3221225734/index.m3u8, IPv_Type: ipv6, Location: 中国, ISP: 中国移动, Date: None, Delay: -1 ms, Speed: 0.00 M/s, Resolution: None
Name: CCTV-9, URL: http://[2409:8087:1a01:df::7005]:80/ottrrs.hl.chinamobile.com/PLTV/88888888/224/3221225734/index.m3u8, IPv_Type: ipv6, Location: 中国, ISP: 中国移动, Date: None, Delay: -1 ms, Speed: 0.00 M/s, Resolution: None
Name: CCTV-9, URL: http://[2409:8087:8:21::18]:6610/otttv.bj.chinamobile.com/PLTV/88888888/224/3221226944/1.m3u8, IPv_Type: ipv6, Location: 中国, ISP: 中国移动, Date: None, Delay: -1 ms, Speed: 0.00 M/s, Resolution: None
Name: CCTV-9, URL: http://[2409:8087:8:21::18]:6610/otttv.bj.chinamobile.com/PLTV/88888888/224/3221226236/1.m3u8, IPv_Type: ipv6, Location: 中国, ISP: 中国移动, Date: None, Delay: -1 ms, Speed: 0.00 M/s, Resolution: None
Name: CCTV-9, URL: http://[2409:8087:8:21::18]:6610/otttv.bj.chinamobile.com/PLTV/88888888/224/3221226450/1.m3u8, IPv_Type: ipv6, Location: 中国, ISP: 中国移动, Date: None, Delay: -1 ms, Speed: 0.00 M/s, Resolution: None
Name: CCTV-9, URL: http://[2409:8087:8:21::18]:6610/otttv.bj.chinamobile.com/PLTV/88888888/224/3221226449/1.m3u8, IPv_Type: ipv6, Location: 中国, ISP: 中国移动, Date: None, Delay: -1 ms, Speed: 0.00 M/s, Resolution: None
Name: CCTV-9, URL: http://lu.wqwqwq.sbs/itv/1000000005000265009.m3u8?cdn=ystenlive, IPv_Type: ipv6, Location: 美国, ISP: CloudFlare Inc., Date: None, Delay: -1 ms, Speed: 0.00 M/s, Resolution: None
Name: CCTV-9, URL: https://cc06.tv12.xyz/10.m3u8, IPv_Type: ipv6, Location: 美国, ISP: CloudFlare Inc., Date: None, Delay: -1 ms, Speed: 0.00 M/s, Resolution: None
Name: CCTV-10, URL: http://z.b.bkpcp.top/m.php?id=CCTV-10科教科教, IPv_Type: ipv6, Location: 美国, ISP: CloudFlare Inc., Date: None, Delay: -1 ms, Speed: 0.00 M/s, Resolution: None
Name: CCTV-10, URL: http://goo.bkpcp.top/mg/cctv10, IPv_Type: ipv6, Location: 美国, ISP: CloudFlare Inc., Date: None, Delay: -1 ms, Speed: 0.00 M/s, Resolution: None
Name: CCTV-10, URL: http://[2409:8087:74f0:22::4]:6410/270000001128/9900000506/index.m3u8, IPv_Type: ipv6, Location: 中国, ISP: 中国移动, Date: None, Delay: -1 ms, Speed: 0.00 M/s, Resolution: None
Name: CCTV-10, URL: http://[2409:8087:1a01:df::4077]/ottrrs.hl.chinamobile.com/PLTV/88888888/8/3221225730/index.m3u8, IPv_Type: ipv6, Location: 中国, ISP: 中国移动, Date: None, Delay: -1 ms, Speed: 0.00 M/s, Resolution: None
Name: CCTV-10, URL: http://[2409:8087:1a01:df::7005]/ottrrs.hl.chinamobile.com/PLTV/88888888/224/3221226473/index.m3u8, IPv_Type: ipv6, Location: 中国, ISP: 中国移动, Date: None, Delay: -1 ms, Speed: 0.00 M/s, Resolution: None
Name: CCTV-10, URL: http://[2409:8087:1a01:df::7005]:80/ottrrs.hl.chinamobile.com/PLTV/88888888/224/3221226473/index.m3u8, IPv_Type: ipv6, Location: 中国, ISP: 中国移动, Date: None, Delay: -1 ms, Speed: 0.00 M/s, Resolution: None
Name: CCTV-10, URL: http://[2409:8087:8:21::18]:6610/otttv.bj.chinamobile.com/PLTV/88888888/224/3221226937/1.m3u8, IPv_Type: ipv6, Location: 中国, ISP: 中国移动, Date: None, Delay: -1 ms, Speed: 0.00 M/s, Resolution: None
Name: CCTV-10, URL: http://[2409:8087:8:21::18]:6610/otttv.bj.chinamobile.com/PLTV/88888888/224/3221226449/1.m3u8, IPv_Type: ipv6, Location: 中国, ISP: 中国移动, Date: None, Delay: -1 ms, Speed: 0.00 M/s, Resolution: None
Name: CCTV-10, URL: http://iptv.huuc.edu.cn/hls/cctv10hd.m3u8, IPv_Type: ipv6, Location: 中国, ISP: 教育网, Date: None, Delay: -1 ms, Speed: 0.00 M/s, Resolution: None
Name: CCTV-10, URL: https://cc06.tv12.xyz/11.m3u8, IPv_Type: ipv6, Location: 美国, ISP: CloudFlare Inc., Date: None, Delay: -1 ms, Speed: 0.00 M/s, Resolution: None
Name: CCTV-11, URL: http://php.jdshipin.com/TVOD/hljyd.php?id=3221226565, IPv_Type: ipv6, Location: 美国, ISP: CloudFlare Inc., Date: None, Delay: -1 ms, Speed: 0.00 M/s, Resolution: None
Name: CCTV-11, URL: http://[2409:8087:74f0:22::4]:6410/270000001128/9900000508/index.m3u8, IPv_Type: ipv6, Location: 中国, ISP: 中国移动, Date: None, Delay: -1 ms, Speed: 0.00 M/s, Resolution: None
Name: CCTV-11, URL: http://[2409:8087:1a01:df::4077]/ottrrs.hl.chinamobile.com/PLTV/88888888/8/3221225597/index.m3u8, IPv_Type: ipv6, Location: 中国, ISP: 中国移动, Date: None, Delay: -1 ms, Speed: 0.00 M/s, Resolution: None
Name: CCTV-11, URL: http://[2409:8087:1a01:df::7005]/ottrrs.hl.chinamobile.com/PLTV/88888888/224/3221226565/index.m3u8, IPv_Type: ipv6, Location: 中国, ISP: 中国移动, Date: None, Delay: -1 ms, Speed: 0.00 M/s, Resolution: None
Name: CCTV-11, URL: http://[2409:8087:1a01:df::7005]:80/ottrrs.hl.chinamobile.com/PLTV/88888888/224/3221226565/index.m3u8, IPv_Type: ipv6, Location: 中国, ISP: 中国移动, Date: None, Delay: -1 ms, Speed: 0.00 M/s, Resolution: None
Name: CCTV-11, URL: http://[2409:8087:8:21::18]:6610/otttv.bj.chinamobile.com/PLTV/88888888/224/3221226334/1.m3u8, IPv_Type: ipv6, Location: 中国, ISP: 中国移动, Date: None, Delay: -1 ms, Speed: 0.00 M/s, Resolution: None
Name: CCTV-11, URL: http://[2409:8087:8:21::18]:6610/otttv.bj.chinamobile.com/PLTV/88888888/224/3221226448/1.m3u8, IPv_Type: ipv6, Location: 中国, ISP: 中国移动, Date: None, Delay: -1 ms, Speed: 0.00 M/s, Resolution: None
Name: CCTV-11, URL: http://lu.wqwqwq.sbs/itv/1000000005000265011.m3u8?cdn=ystenlive, IPv_Type: ipv6, Location: 美国, ISP: CloudFlare Inc., Date: None, Delay: -1 ms, Speed: 0.00 M/s, Resolution: None
Name: CCTV-11, URL: http://[2409:8087:8:21::18]:6610/otttv.bj.chinamobile.com/PLTV/88888888/224/3221226228/1.m3u8, IPv_Type: ipv6, Location: 中国, ISP: 中国移动, Date: None, Delay: -1 ms, Speed: 0.00 M/s, Resolution: None
Name: CCTV-11, URL: https://cc06.tv12.xyz/12.m3u8, IPv_Type: ipv6, Location: 美国, ISP: CloudFlare Inc., Date: None, Delay: -1 ms, Speed: 0.00 M/s, Resolution: None
Name: CCTV-12, URL: http://php.jdshipin.com/TVOD/hljyd.php?id=3221225731, IPv_Type: ipv6, Location: 美国, ISP: CloudFlare Inc., Date: None, Delay: -1 ms, Speed: 0.00 M/s, Resolution: None
Name: CCTV-12, URL: http://z.b.bkpcp.top/m.php?id=CCTV-12社会与法社会与法, IPv_Type: ipv6, Location: 美国, ISP: CloudFlare Inc., Date: None, Delay: -1 ms, Speed: 0.00 M/s, Resolution: None
Name: CCTV-12, URL: http://[2409:8087:74f0:22::4]:6410/270000001128/9900000509/index.m3u8, IPv_Type: ipv6, Location: 中国, ISP: 中国移动, Date: None, Delay: -1 ms, Speed: 0.00 M/s, Resolution: None
Name: CCTV-12, URL: http://[2409:8087:1a01:df::4077]/ottrrs.hl.chinamobile.com/PLTV/88888888/8/3221225731/index.m3u8, IPv_Type: ipv6, Location: 中国, ISP: 中国移动, Date: None, Delay: -1 ms, Speed: 0.00 M/s, Resolution: None
Name: CCTV-12, URL: http://[2409:8087:1a01:df::7005]/ottrrs.hl.chinamobile.com/PLTV/88888888/224/3221226568/index.m3u8, IPv_Type: ipv6, Location: 中国, ISP: 中国移动, Date: None, Delay: -1 ms, Speed: 0.00 M/s, Resolution: None
Name: CCTV-12, URL: http://[2409:8087:1a01:df::7005]:80/ottrrs.hl.chinamobile.com/PLTV/88888888/224/3221226568/index.m3u8, IPv_Type: ipv6, Location: 中国, ISP: 中国移动, Date: None, Delay: -1 ms, Speed: 0.00 M/s, Resolution: None
Name: CCTV-12, URL: http://[2409:8087:8:21::18]:6610/otttv.bj.chinamobile.com/PLTV/88888888/224/3221226942/1.m3u8, IPv_Type: ipv6, Location: 中国, ISP: 中国移动, Date: None, Delay: -1 ms, Speed: 0.00 M/s, Resolution: None
Name: CCTV-12, URL: http://[2409:8087:8:21::18]:6610/otttv.bj.chinamobile.com/PLTV/88888888/224/3221226228/1.m3u8, IPv_Type: ipv6, Location: 中国, ISP: 中国移动, Date: None, Delay: -1 ms, Speed: 0.00 M/s, Resolution: None
Name: CCTV-12, URL: http://iptv.huuc.edu.cn/hls/cctv12hd.m3u8, IPv_Type: ipv6, Location: 中国, ISP: 教育网, Date: None, Delay: -1 ms, Speed: 0.00 M/s, Resolution: None
Name: CCTV-12, URL: http://lu.wqwqwq.sbs/itv/1000000005000265012.m3u8?cdn=ystenlive, IPv_Type: ipv6, Location: 美国, ISP: CloudFlare Inc., Date: None, Delay: -1 ms, Speed: 0.00 M/s, Resolution: None
Name: CCTV-12, URL: https://cc06.tv12.xyz/13.m3u8, IPv_Type: ipv6, Location: 美国, ISP: CloudFlare Inc., Date: None, Delay: -1 ms, Speed: 0.00 M/s, Resolution: None
Name: CCTV-13, URL: https://event.pull.hebtv.com/jishi/cp1.m3u8, IPv_Type: ipv6, Location: 中国, ISP: 中国电信, Date: None, Delay: -1 ms, Speed: 0.00 M/s, Resolution: None
Name: CCTV-13, URL: http://z.b.bkpcp.top/m.php?id=cctv13, IPv_Type: ipv6, Location: 美国, ISP: CloudFlare Inc., Date: None, Delay: -1 ms, Speed: 0.00 M/s, Resolution: None
Name: CCTV-13, URL: http://j.x.bkpcp.top/jx/CCTV13HD, IPv_Type: ipv6, Location: 美国, ISP: CloudFlare Inc., Date: None, Delay: -1 ms, Speed: 0.00 M/s, Resolution: None
Name: CCTV-13, URL: http://jwplay.hebyun.com.cn/live/cctv13/1500k/tzwj_video.m3u8, IPv_Type: ipv6, Location: 中国, ISP: 中国联通, Date: None, Delay: -1 ms, Speed: 0.00 M/s, Resolution: None
Name: CCTV-13, URL: https://ldncctvwbcdcnc.v.wscdns.com/ldncctvwbcd/cdrmldcctv13_1/index.m3u8, IPv_Type: ipv6, Location: 中国, ISP: 中国电信, Date: None, Delay: -1 ms, Speed: 0.00 M/s, Resolution: None
Name: CCTV-13, URL: http://[2409:8087:74f0:22::4]:6410/270000001128/9900000510/index.m3u8, IPv_Type: ipv6, Location: 中国, ISP: 中国移动, Date: None, Delay: -1 ms, Speed: 0.00 M/s, Resolution: None
Name: CCTV-13, URL: http://[2409:8087:1a01:df::4077]/ottrrs.hl.chinamobile.com/PLTV/88888888/8/3221226011/index.m3u8, IPv_Type: ipv6, Location: 中国, ISP: 中国移动, Date: None, Delay: -1 ms, Speed: 0.00 M/s, Resolution: None
Name: CCTV-13, URL: http://[2409:8087:1a01:df::7005]/ottrrs.hl.chinamobile.com/PLTV/88888888/224/3221226537/index.m3u8, IPv_Type: ipv6, Location: 中国, ISP: 中国移动, Date: None, Delay: -1 ms, Speed: 0.00 M/s, Resolution: None
Name: CCTV-13, URL: http://[2409:8087:1a01:df::7005]:80/ottrrs.hl.chinamobile.com/PLTV/88888888/224/3221226537/index.m3u8, IPv_Type: ipv6, Location: 中国, ISP: 中国移动, Date: None, Delay: -1 ms, Speed: 0.00 M/s, Resolution: None
Name: CCTV-13, URL: http://[2409:8087:8:21::18]:6610/otttv.bj.chinamobile.com/PLTV/88888888/224/3221226316/1.m3u8, IPv_Type: ipv6, Location: 中国, ISP: 中国移动, Date: None, Delay: -1 ms, Speed: 0.00 M/s, Resolution: None
Name: CCTV-13, URL: http://iptv.huuc.edu.cn/hls/cctv13hd.m3u8, IPv_Type: ipv6, Location: 中国, ISP: 教育网, Date: None, Delay: -1 ms, Speed: 0.00 M/s, Resolution: None
Name: CCTV-13, URL: https://cc06.tv12.xyz/14.m3u8, IPv_Type: ipv6, Location: 美国, ISP: CloudFlare Inc., Date: None, Delay: -1 ms, Speed: 0.00 M/s, Resolution: None
Name: CCTV-13, URL: https://cdn3.163189.xyz/163189/cctv13, IPv_Type: ipv6, Location: 美国, ISP: CloudFlare Inc., Date: None, Delay: -1 ms, Speed: 0.00 M/s, Resolution: None
Name: CCTV-14, URL: http://php.jdshipin.com/TVOD/hljyd.php?id=3221225732, IPv_Type: ipv6, Location: 美国, ISP: CloudFlare Inc., Date: None, Delay: -1 ms, Speed: 0.00 M/s, Resolution: None
Name: CCTV-14, URL: http://[2409:8087:74f0:22::4]:6410/270000001128/9900000511/index.m3u8, IPv_Type: ipv6, Location: 中国, ISP: 中国移动, Date: None, Delay: -1 ms, Speed: 0.00 M/s, Resolution: None
Name: CCTV-14, URL: http://[2409:8087:1a01:df::4077]/ottrrs.hl.chinamobile.com/PLTV/88888888/8/3221225732/index.m3u8, IPv_Type: ipv6, Location: 中国, ISP: 中国移动, Date: None, Delay: -1 ms, Speed: 0.00 M/s, Resolution: None
Name: CCTV-14, URL: http://[2409:8087:1a01:df::7005]/ottrrs.hl.chinamobile.com/PLTV/88888888/224/3221226591/index.m3u8, IPv_Type: ipv6, Location: 中国, ISP: 中国移动, Date: None, Delay: -1 ms, Speed: 0.00 M/s, Resolution: None
Name: CCTV-14, URL: http://[2409:8087:1a01:df::7005]:80/ottrrs.hl.chinamobile.com/PLTV/88888888/224/3221226591/index.m3u8, IPv_Type: ipv6, Location: 中国, ISP: 中国移动, Date: None, Delay: -1 ms, Speed: 0.00 M/s, Resolution: None
Name: CCTV-14, URL: http://[2409:8087:8:21::18]:6610/otttv.bj.chinamobile.com/PLTV/88888888/224/3221226947/1.m3u8, IPv_Type: ipv6, Location: 中国, ISP: 中国移动, Date: None, Delay: -1 ms, Speed: 0.00 M/s, Resolution: None
Name: CCTV-14, URL: http://[2409:8087:8:21::18]:6610/otttv.bj.chinamobile.com/PLTV/88888888/224/3221226229/1.m3u8, IPv_Type: ipv6, Location: 中国, ISP: 中国移动, Date: None, Delay: -1 ms, Speed: 0.00 M/s, Resolution: None
Name: CCTV-14, URL: http://[2409:8087:8:21::18]:6610/otttv.bj.chinamobile.com/PLTV/88888888/224/3221226445/1.m3u8, IPv_Type: ipv6, Location: 中国, ISP: 中国移动, Date: None, Delay: -1 ms, Speed: 0.00 M/s, Resolution: None
Name: CCTV-14, URL: http://iptv.huuc.edu.cn/hls/cctv14hd.m3u8, IPv_Type: ipv6, Location: 中国, ISP: 教育网, Date: None, Delay: -1 ms, Speed: 0.00 M/s, Resolution: None
Name: CCTV-14, URL: https://event.pull.hebtv.com/jishi/cp2.m3u8, IPv_Type: ipv6, Location: 中国, ISP: 中国电信, Date: None, Delay: -1 ms, Speed: 0.00 M/s, Resolution: None
Name: CCTV-14, URL: http://lu.wqwqwq.sbs/itv/1000000005000265013.m3u8?cdn=ystenlive, IPv_Type: ipv6, Location: 美国, ISP: CloudFlare Inc., Date: None, Delay: -1 ms, Speed: 0.00 M/s, Resolution: None
Name: CCTV-14, URL: https://cc06.tv12.xyz/15.m3u8, IPv_Type: ipv6, Location: 美国, ISP: CloudFlare Inc., Date: None, Delay: -1 ms, Speed: 0.00 M/s, Resolution: None
Name: CCTV-15, URL: http://hwrr.jx.chinamobile.com:8080/PLTV/88888888/224/3221225641/index.m3u8, IPv_Type: ipv6, Location: 中国, ISP: 中国移动, Date: None, Delay: -1 ms, Speed: 0.00 M/s, Resolution: None
Name: CCTV-15, URL: http://[2409:8087:74f0:22::4]:6410/270000001128/9900000512/index.m3u8, IPv_Type: ipv6, Location: 中国, ISP: 中国移动, Date: None, Delay: -1 ms, Speed: 0.00 M/s, Resolution: None
Name: CCTV-15, URL: http://[2409:8087:1a01:df::4077]/ottrrs.hl.chinamobile.com/PLTV/88888888/8/3221225601/index.m3u8, IPv_Type: ipv6, Location: 中国, ISP: 中国移动, Date: None, Delay: -1 ms, Speed: 0.00 M/s, Resolution: None
Name: CCTV-15, URL: http://[2409:8087:1a01:df::7005]/ottrrs.hl.chinamobile.com/PLTV/88888888/224/3221226476/index.m3u8, IPv_Type: ipv6, Location: 中国, ISP: 中国移动, Date: None, Delay: -1 ms, Speed: 0.00 M/s, Resolution: None
Name: CCTV-15, URL: http://[2409:8087:1a01:df::7005]:80/ottrrs.hl.chinamobile.com/PLTV/88888888/224/3221226476/index.m3u8, IPv_Type: ipv6, Location: 中国, ISP: 中国移动, Date: None, Delay: -1 ms, Speed: 0.00 M/s, Resolution: None
Name: CCTV-15, URL: http://[2409:8087:8:21::18]:6610/otttv.bj.chinamobile.com/PLTV/88888888/224/3221226333/1.m3u8, IPv_Type: ipv6, Location: 中国, ISP: 中国移动, Date: None, Delay: -1 ms, Speed: 0.00 M/s, Resolution: None
Name: CCTV-15, URL: http://[2409:8087:1a01:df::4033]:80/TVOD/88888888/224/3221226127/main.m3u8, IPv_Type: ipv6, Location: 中国, ISP: 中国移动, Date: None, Delay: -1 ms, Speed: 0.00 M/s, Resolution: None
Name: CCTV-15, URL: http://[2409:8087:8:21::18]:6610/otttv.bj.chinamobile.com/PLTV/88888888/224/3221226444/1.m3u8, IPv_Type: ipv6, Location: 中国, ISP: 中国移动, Date: None, Delay: -1 ms, Speed: 0.00 M/s, Resolution: None
Name: CCTV-15, URL: http://lu.wqwqwq.sbs/itv/1000000005000265014.m3u8?cdn=ystenlive, IPv_Type: ipv6, Location: 美国, ISP: CloudFlare Inc., Date: None, Delay: -1 ms, Speed: 0.00 M/s, Resolution: None
Name: CCTV-15, URL: https://cc06.tv12.xyz/16.m3u8, IPv_Type: ipv6, Location: 美国, ISP: CloudFlare Inc., Date: None, Delay: -1 ms, Speed: 0.00 M/s, Resolution: None
Name: CCTV-16, URL: http://php.jdshipin.com/TVOD/hljyd.php?id=3221226100, IPv_Type: ipv6, Location: 美国, ISP: CloudFlare Inc., Date: None, Delay: -1 ms, Speed: 0.00 M/s, Resolution: None
Name: CCTV-16, URL: http://[2409:8087:74f0:22::4]:6410/270000001128/9900000016/index.m3u8, IPv_Type: ipv6, Location: 中国, ISP: 中国移动, Date: None, Delay: -1 ms, Speed: 0.00 M/s, Resolution: None
Name: CCTV-16, URL: http://[2409:8087:1a01:df::4077]/ottrrs.hl.chinamobile.com/PLTV/88888888/8/3221226100/index.m3u8, IPv_Type: ipv6, Location: 中国, ISP: 中国移动, Date: None, Delay: -1 ms, Speed: 0.00 M/s, Resolution: None
Name: CCTV-16, URL: http://[2409:8087:1a01:df::7005]/ottrrs.hl.chinamobile.com/PLTV/88888888/224/3221226100/index.m3u8, IPv_Type: ipv6, Location: 中国, ISP: 中国移动, Date: None, Delay: -1 ms, Speed: 0.00 M/s, Resolution: None
Name: CCTV-16, URL: http://[2409:8087:1a01:df::7005]:80/ottrrs.hl.chinamobile.com/PLTV/88888888/224/3221226100/index.m3u8, IPv_Type: ipv6, Location: 中国, ISP: 中国移动, Date: None, Delay: -1 ms, Speed: 0.00 M/s, Resolution: None
Name: CCTV-16, URL: http://[2409:8087:8:21::18]:6610/otttv.bj.chinamobile.com/PLTV/88888888/224/3221227002/1.m3u8, IPv_Type: ipv6, Location: 中国, ISP: 中国移动, Date: None, Delay: -1 ms, Speed: 0.00 M/s, Resolution: None
Name: CCTV-16, URL: http://[2409:8087:8:21::18]:6610/otttv.bj.chinamobile.com/PLTV/88888888/224/3221226887/1.m3u8, IPv_Type: ipv6, Location: 中国, ISP: 中国移动, Date: None, Delay: -1 ms, Speed: 0.00 M/s, Resolution: None
Name: CCTV-16, URL: http://[2409:8087:8:21::18]:6610/otttv.bj.chinamobile.com/PLTV/88888888/224/3221226888/1.m3u8, IPv_Type: ipv6, Location: 中国, ISP: 中国移动, Date: None, Delay: -1 ms, Speed: 0.00 M/s, Resolution: None
Name: CCTV-16, URL: http://livetv.wqwqwq.sbs/gaoma/cctv4k16.m3u8, IPv_Type: ipv6, Location: 美国, ISP: CloudFlare Inc., Date: None, Delay: -1 ms, Speed: 0.00 M/s, Resolution: None
Name: CCTV-16, URL: http://lu.wqwqwq.sbs/itv/1000000006000233002.m3u8?cdn=ystenlive, IPv_Type: ipv6, Location: 美国, ISP: CloudFlare Inc., Date: None, Delay: -1 ms, Speed: 0.00 M/s, Resolution: None
Name: CCTV-16, URL: https://migu.188766.xyz/?migutoken=eda82b340e2efaedc007fddfaf1c7c28&id=CCTV16&pp=1, IPv_Type: ipv6, Location: 美国, ISP: CloudFlare Inc., Date: None, Delay: -1 ms, Speed: 0.00 M/s, Resolution: None
Name: CCTV-16, URL: http://free.cnlive.club/channel/c15fcc8/index.m3u8?q=1756084903216, IPv_Type: ipv6, Location: 美国, ISP: CloudFlare Inc., Date: None, Delay: -1 ms, Speed: 0.00 M/s, Resolution: None
Name: CCTV-16, URL: http://[2409:8087:8:21::18]:6610/otttv.bj.chinamobile.com/PLTV/88888888/224/3221226318/1.m3u8, IPv_Type: ipv6, Location: 中国, ISP: 中国移动, Date: None, Delay: -1 ms, Speed: 0.00 M/s, Resolution: None
Name: CCTV-16, URL: http://38.75.136.137:98/gslb/dsdqbv/cctv16hd.m3u8?auth=test20251009, IPv_Type: ipv4, Location: 美国-哥伦比亚特区-哥伦比亚特区, ISP: Cogent, Date: None, Delay: 808 ms, Speed: 4.19 M/s, Resolution: 1920x1080
Name: CCTV-17, URL: http://php.jdshipin.com/TVOD/hljyd.php?id=3221225765, IPv_Type: ipv6, Location: 美国, ISP: CloudFlare Inc., Date: None, Delay: -1 ms, Speed: 0.00 M/s, Resolution: None
Name: CCTV-17, URL: http://[2409:8087:74f0:22::4]:6410/270000001128/9900000513/index.m3u8, IPv_Type: ipv6, Location: 中国, ISP: 中国移动, Date: None, Delay: -1 ms, Speed: 0.00 M/s, Resolution: None
Name: CCTV-17, URL: http://[2409:8087:1a01:df::4077]/ottrrs.hl.chinamobile.com/PLTV/88888888/8/3221225765/index.m3u8, IPv_Type: ipv6, Location: 中国, ISP: 中国移动, Date: None, Delay: -1 ms, Speed: 0.00 M/s, Resolution: None
Name: CCTV-17, URL: http://[2409:8087:1a01:df::7005]/ottrrs.hl.chinamobile.com/PLTV/88888888/224/3221225765/index.m3u8, IPv_Type: ipv6, Location: 中国, ISP: 中国移动, Date: None, Delay: -1 ms, Speed: 0.00 M/s, Resolution: None
Name: CCTV-17, URL: http://[2409:8087:1a01:df::7005]:80/ottrrs.hl.chinamobile.com/PLTV/88888888/224/3221225765/index.m3u8, IPv_Type: ipv6, Location: 中国, ISP: 中国移动, Date: None, Delay: -1 ms, Speed: 0.00 M/s, Resolution: None
Name: CCTV-17, URL: http://[2409:8087:8:21::18]:6610/otttv.bj.chinamobile.com/PLTV/88888888/224/3221226318/1.m3u8, IPv_Type: ipv6, Location: 中国, ISP: 中国移动, Date: None, Delay: -1 ms, Speed: 0.00 M/s, Resolution: None
Name: CCTV-17, URL: http://[2409:8087:1a01:df::4025]:80/TVOD/88888888/224/3221225708/main.m3u8, IPv_Type: ipv6, Location: 中国, ISP: 中国移动, Date: None, Delay: -1 ms, Speed: 0.00 M/s, Resolution: None
Name: CCTV-17, URL: http://[2409:8087:8:21::18]:6610/otttv.bj.chinamobile.com/PLTV/88888888/224/3221226442/1.m3u8, IPv_Type: ipv6, Location: 中国, ISP: 中国移动, Date: None, Delay: -1 ms, Speed: 0.00 M/s, Resolution: None
Name: CCTV-17, URL: https://cc06.tv12.xyz/17.m3u8, IPv_Type: ipv6, Location: 美国, ISP: CloudFlare Inc., Date: None, Delay: -1 ms, Speed: 0.00 M/s, Resolution: None
Name: CCTV-17, URL: http://lu.wqwqwq.sbs/itv/1000000005000265015.m3u8?cdn=ystenlive, IPv_Type: ipv6, Location: 美国, ISP: CloudFlare Inc., Date: None, Delay: -1 ms, Speed: 0.00 M/s, Resolution: None
Name: CETV-1, URL: http://[2409:8087:1a0b:df::4020]:80/ottrrs.hl.chinamobile.com/PLTV/88888888/224/3221225652/index.m3u8, IPv_Type: ipv6, Location: 中国, ISP: 中国移动, Date: None, Delay: -1 ms, Speed: 0.00 M/s, Resolution: None
Name: CETV-1, URL: http://[2409:8087:8:21::18]:6610/otttv.bj.chinamobile.com/PLTV/88888888/224/3221226494/1.m3u8, IPv_Type: ipv6, Location: 中国, ISP: 中国移动, Date: None, Delay: -1 ms, Speed: 0.00 M/s, Resolution: None
Name: CETV-1, URL: https://cc06.tv12.xyz/23.m3u8, IPv_Type: ipv6, Location: 美国, ISP: CloudFlare Inc., Date: None, Delay: -1 ms, Speed: 0.00 M/s, Resolution: None
Name: CETV-1, URL: https://migu.188766.xyz/?migutoken=a55dadc35d37e3e168faf8268cc6fa97&id=CETV1&type=yy, IPv_Type: ipv6, Location: 美国, ISP: CloudFlare Inc., Date: None, Delay: -1 ms, Speed: 0.00 M/s, Resolution: None
Name: CETV-2, URL: http://[2409:8087:1a0b:df::4013]:80/ottrrs.hl.chinamobile.com/PLTV/88888888/224/3221226425/index.m3u8, IPv_Type: ipv6, Location: 中国, ISP: 中国移动, Date: None, Delay: -1 ms, Speed: 0.00 M/s, Resolution: None
Name: CETV-2, URL: http://[2409:8087:8:21::18]:6610/otttv.bj.chinamobile.com/PLTV/88888888/224/3221226537/1.m3u8?GuardEncType=2&accountinfo=%7E%7EV2.0%7E7AxXs4eTU2oiWrhopr9sHw%7E_eNUbgU9sJGUcVVduOMKhafLvQUgE_zlz_7pvDimJNNxsM0Bor098BJglrhfEQTl%2CEND, IPv_Type: ipv6, Location: 中国, ISP: 中国移动, Date: None, Delay: -1 ms, Speed: 0.00 M/s, Resolution: None
Name: CETV-2, URL: https://mursor.ottiptv.cc/migu/923287211.m3u8?migutoken=58dbb8ad5ad539c0da365c819615222219346bbe2fa8d6e4231da9ad89c4faf34adbae451bebfa99d9b8c9eda32e04a0066231dfd40496610efa4bee9ad5f110baee36b6f4098850d6b507505f, IPv_Type: ipv6, Location: 美国, ISP: Oracle Corporation, Date: None, Delay: -1 ms, Speed: 0.00 M/s, Resolution: None
Name: CETV-2, URL: https://cc06.tv12.xyz/24.m3u8, IPv_Type: ipv6, Location: 美国, ISP: CloudFlare Inc., Date: None, Delay: -1 ms, Speed: 0.00 M/s, Resolution: None
Name: CETV-2, URL: https://migu.188766.xyz/?migutoken=98daa3ba4c81372351b73d9075023b9b&id=CETV2&type=yy, IPv_Type: ipv6, Location: 美国, ISP: CloudFlare Inc., Date: None, Delay: -1 ms, Speed: 0.00 M/s, Resolution: None
Name: CETV-2, URL: http://gslbmgsplive.miguvideo.com/migu/kailu/cetv2/50/20240709/index.m3u8?msisdn=20250903090033bf55eab2bb984fe0b4ac863e60d28ac6&mdspid=&spid=699004&netType=0&sid=5910022152&pid=2028597139&timestamp=20250903090033&Channel_ID=0116_2600037000-99000-200300220100002&ProgramID=923287211&ParentNodeID=-99&assertID=5910022152&client_ip=106.13.250.83&SecurityKey=20250903090033&promotionId=&mvid=5900006638&mcid=500020&playurlVersion=WX-A1-8.8.1-RELEASE&userid=&jmhm=&videocodec=h264&bean=mgspad&tid=android&conFee=0&puData=ebfbdc6c83654112720d2b5599373223&ddCalcu=3e2bv2fa3ba7da3c969c5853b625d4012172&sv=10004&ct=android, IPv_Type: ipv6, Location: 中国, ISP: 中国移动, Date: None, Delay: -1 ms, Speed: 0.00 M/s, Resolution: None
Name: CETV-3, URL: http://[2409:8087:7004:20:1000::22]:6610/yinhe/2/ch00000090990000001309/index.m3u8, IPv_Type: ipv6, Location: 中国, ISP: 中国移动, Date: None, Delay: -1 ms, Speed: 0.00 M/s, Resolution: None
Name: CETV-3, URL: http://[2409:8087:8:21::18]:6610/otttv.bj.chinamobile.com/PLTV/88888888/224/3221226577/1.m3u8?GuardEncType=2&accountinfo=%7E%7EV2.0%7EhE2Z89HKgsQOlN9opVn1iw%7E_eNUbgU9sJGUcVVduOMKhafLvQUgE_zlz_7pvDimJNN03yUnk4zBVk1bynPPL3hZ%2CEND, IPv_Type: ipv6, Location: 中国, ISP: 中国移动, Date: None, Delay: -1 ms, Speed: 0.00 M/s, Resolution: None
Name: CETV-4, URL: http://[2409:8087:1a0b:df::4020]:80/ottrrs.hl.chinamobile.com/PLTV/88888888/224/3221225783/index.m3u8, IPv_Type: ipv6, Location: 中国, ISP: 中国移动, Date: None, Delay: -1 ms, Speed: 0.00 M/s, Resolution: None
Name: CETV-4, URL: http://[2409:8087:8:21::18]:6610/otttv.bj.chinamobile.com/PLTV/88888888/224/3221226997/1.m3u8?GuardEncType=2&accountinfo=%7E%7EV2.0%7EAw_OvjRgJVjtlaOa0dcgzg%7EtP4-l0lmSfjwLWEfK_el1vH_mv-s1zo4AQJwdedaVwG9xkuFTDg8J26cwOrNJzn20BErrHdLhuZ9EzLUCD3PMW-OMx4MGteHV2vLeW6BqoY%2CEND, IPv_Type: ipv6, Location: 中国, ISP: 中国移动, Date: None, Delay: -1 ms, Speed: 0.00 M/s, Resolution: None
Name: CETV-4, URL: https://mursor.ottiptv.cc/migu/923287339.m3u8?migutoken=165b545b4402eaba61cdc31defb6548a443d9b5eebb1d99392852bd799c553e8817e85eb324c512581ca9a1ed8e56e530144f79606cf44fe5b2d5e97b6da577e0f2adae2a90c2a55089c95880b, IPv_Type: ipv6, Location: 美国, ISP: Oracle Corporation, Date: None, Delay: -1 ms, Speed: 0.00 M/s, Resolution: None
Name: CETV-4, URL: https://migu.188766.xyz/?migutoken=d5d19d868e1df41e984866fc7ca15071&id=CETV4&type=yy, IPv_Type: ipv6, Location: 美国, ISP: CloudFlare Inc., Date: None, Delay: -1 ms, Speed: 0.00 M/s, Resolution: None
Name: CETV-4, URL: http://gslbmgsplive.miguvideo.com/migu/kailu/cetv4/50/20240709/index.m3u8?msisdn=2025090309003329cd481a5313461999ea66e0b5c14a1b&mdspid=&spid=699004&netType=0&sid=5910022154&pid=2028597139&timestamp=20250903090033&Channel_ID=0116_2600037000-99000-200300220100002&ProgramID=923287339&ParentNodeID=-99&assertID=5910022154&client_ip=106.13.250.83&SecurityKey=20250903090033&promotionId=&mvid=5900006640&mcid=500020&playurlVersion=WX-A1-8.8.1-RELEASE&userid=&jmhm=&videocodec=h264&bean=mgspad&tid=android&conFee=0&puData=a0dd23e241f091b5c99903fbe22f27e3&ddCalcu=3ae0v7da2dbf2a232ee2b4f13f0099919bc5&sv=10004&ct=android, IPv_Type: ipv6, Location: 中国, ISP: 中国移动, Date: None, Delay: -1 ms, Speed: 0.00 M/s, Resolution: None
Name: 文化精品, URL: http://38.75.136.137:98/gslb/dsdqpub/ysjp.m3u8?auth=testpub, IPv_Type: ipv4, Location: 美国-哥伦比亚特区-哥伦比亚特区, ISP: Cogent, Date: None, Delay: 471 ms, Speed: 8.60 M/s, Resolution: 1920x1080
Name: 央视台球, URL: https://epg.pw/stream/25677ac2e8c1f7c3dd6359c43eb5f0f54efb3f5c11f9dda18d01b3e0308ed017.m3u8, IPv_Type: ipv6, Location: 美国, ISP: CloudFlare Inc., Date: None, Delay: -1 ms, Speed: 0.00 M/s, Resolution: None
Name: 央视台球, URL: https://epg.pw/stream/ca9c1cd4b97fb824cedd7fedfd0c7a950afdd7f00751cfbb7c2d89831d7746a5.m3u8, IPv_Type: ipv6, Location: 美国, ISP: CloudFlare Inc., Date: None, Delay: -1 ms, Speed: 0.00 M/s, Resolution: None
Name: 风云音乐, URL: http://38.75.136.137:98/gslb/dsdqpub/fyyy.m3u8?auth=testpub, IPv_Type: ipv4, Location: 美国-哥伦比亚特区-哥伦比亚特区, ISP: Cogent, Date: None, Delay: 255 ms, Speed: 16.86 M/s, Resolution: 1920x1080
Name: 第一剧场, URL: https://epg.pw/stream/6d7bf281e3d739806a73f5373acaa6e01988ec9739f5ac1355ce54b47a928472.m3u8, IPv_Type: ipv6, Location: 美国, ISP: CloudFlare Inc., Date: None, Delay: -1 ms, Speed: 0.00 M/s, Resolution: None
Name: 第一剧场, URL: https://100.061833.xyz/stream/mytv/null-6/stream.m3u8?uid=2190244325&u=hahayy&p=29624e2e4c4ccee26ed8f3e0ca1012ea57a8f2191be6149f632250f7036119cc, IPv_Type: ipv6, Location: 美国, ISP: CloudFlare Inc., Date: None, Delay: -1 ms, Speed: 0.00 M/s, Resolution: None
Name: 风云剧场, URL: https://mursor.ottiptv.cc/mcp/fyjc.m3u8, IPv_Type: ipv6, Location: 美国-新泽西州-巴赛克, ISP: DigitalOcean, Date: None, Delay: -1 ms, Speed: 0.00 M/s, Resolution: None
Name: 风云剧场, URL: https://mursor.ottiptv.cc/mcp/fyjc.m3u8?sign=b2f39a8a6bde51405aca53e0ac0f10e9&tm=1757443317, IPv_Type: ipv6, Location: 美国-新泽西州-巴赛克, ISP: DigitalOcean, Date: None, Delay: -1 ms, Speed: 0.00 M/s, Resolution: None
Name: 风云剧场, URL: https://mursor.ottiptv.cc/mcp/fyjc.m3u8?sign=4504fb617281e8909e4259760d3b64d8&tm=1757535222, IPv_Type: ipv6, Location: 美国-新泽西州-巴赛克, ISP: DigitalOcean, Date: None, Delay: -1 ms, Speed: 0.00 M/s, Resolution: None
Name: 怀旧剧场, URL: https://cc06.tv12.xyz/52.m3u8, IPv_Type: ipv6, Location: 美国, ISP: CloudFlare Inc., Date: None, Delay: -1 ms, Speed: 0.00 M/s, Resolution: None
Name: 怀旧剧场, URL: https://mursor.ottiptv.cc/mcp/hjjc.m3u8, IPv_Type: ipv6, Location: 美国-新泽西州-巴赛克, ISP: DigitalOcean, Date: None, Delay: -1 ms, Speed: 0.00 M/s, Resolution: None
Name: 怀旧剧场, URL: https://mursor.ottiptv.cc/mcp/hjjc.m3u8?sign=f5f7142ffa4404d36f8ae92335393d5e&tm=1757535222, IPv_Type: ipv6, Location: 美国, ISP: Oracle Corporation, Date: None, Delay: -1 ms, Speed: 0.00 M/s, Resolution: None
Name: 女性时尚, URL: https://cc06.tv12.xyz/95.m3u8, IPv_Type: ipv6, Location: 美国, ISP: CloudFlare Inc., Date: None, Delay: -1 ms, Speed: 0.00 M/s, Resolution: None
Name: 高尔夫网球, URL: http://38.75.136.137:98/gslb/dsdqpub/gefwq.m3u8?auth=testpub, IPv_Type: ipv4, Location: 美国-哥伦比亚特区-哥伦比亚特区, ISP: Cogent, Date: None, Delay: 285 ms, Speed: 14.30 M/s, Resolution: 1920x1080
Name: 风云足球, URL: https://epg.pw/stream/ac8062ec9484078061d3bef507c15a423ac57ae4144e3fcc4b0a198dd420f911.m3u8, IPv_Type: ipv6, Location: 美国, ISP: CloudFlare Inc., Date: None, Delay: -1 ms, Speed: 0.00 M/s, Resolution: None
Name: 风云足球, URL: https://cc06.tv12.xyz/41.m3u8, IPv_Type: ipv6, Location: 美国, ISP: CloudFlare Inc., Date: None, Delay: -1 ms, Speed: 0.00 M/s, Resolution: None
Name: 电视指南, URL: https://cc06.tv12.xyz/39.m3u8, IPv_Type: ipv6, Location: 美国, ISP: CloudFlare Inc., Date: None, Delay: -1 ms, Speed: 0.00 M/s, Resolution: None
Name: 世界地理, URL: https://cc06.tv12.xyz/104.m3u8, IPv_Type: ipv6, Location: 美国, ISP: CloudFlare Inc., Date: None, Delay: -1 ms, Speed: 0.00 M/s, Resolution: None
Name: 兵器科技, URL: http://38.75.136.137:98/gslb/dsdqpub/gfjs.m3u8?auth=testpub, IPv_Type: ipv4, Location: 美国-哥伦比亚特区-哥伦比亚特区, ISP: Cogent, Date: None, Delay: 192 ms, Speed: 23.60 M/s, Resolution: 1920x1080
Name: 广东卫视, URL: http://php.jdshipin.com:8880/TVOD/gsyd.php?id=9900000520, IPv_Type: ipv6, Location: 美国, ISP: CloudFlare Inc., Date: None, Delay: -1 ms, Speed: 0.00 M/s, Resolution: None
Name: 广东卫视, URL: http://z.b.bkpcp.top/m.php?id=gdws, IPv_Type: ipv6, Location: 美国, ISP: CloudFlare Inc., Date: None, Delay: -1 ms, Speed: 0.00 M/s, Resolution: None
Name: 广东卫视, URL: http://j.x.bkpcp.top/jx/GUANGDHD, IPv_Type: ipv6, Location: 美国, ISP: CloudFlare Inc., Date: None, Delay: -1 ms, Speed: 0.00 M/s, Resolution: None
Name: 广东卫视, URL: http://goo.bkpcp.top/mg/gdws, IPv_Type: ipv6, Location: 美国, ISP: CloudFlare Inc., Date: None, Delay: -1 ms, Speed: 0.00 M/s, Resolution: None
Name: 广东卫视, URL: http://[2409:8087:74f0:22::6]:6410/270000001128/9900000520/index.m3u8, IPv_Type: ipv6, Location: 中国, ISP: 中国移动, Date: None, Delay: -1 ms, Speed: 0.00 M/s, Resolution: None
Name: 广东卫视, URL: http://[2409:8087:1a01:df::4077]/ottrrs.hl.chinamobile.com/PLTV/88888888/224/3221226248/index.m3u8, IPv_Type: ipv6, Location: 中国, ISP: 中国移动, Date: None, Delay: -1 ms, Speed: 0.00 M/s, Resolution: None
Name: 广东卫视, URL: http://[2409:8087:1a01:df::7005]/ottrrs.hl.chinamobile.com/PLTV/88888888/224/3221226248/index.m3u8, IPv_Type: ipv6, Location: 中国, ISP: 中国移动, Date: None, Delay: -1 ms, Speed: 0.00 M/s, Resolution: None
Name: 广东卫视, URL: http://[2409:8087:1a01:df::7005]:80/ottrrs.hl.chinamobile.com/PLTV/88888888/224/3221226248/index.m3u8, IPv_Type: ipv6, Location: 中国, ISP: 中国移动, Date: None, Delay: -1 ms, Speed: 0.00 M/s, Resolution: None
Name: 广东卫视, URL: http://[2409:8087:5e00:24::1e]:6060/200000001898/460000089800010055/1.m3u8, IPv_Type: ipv6, Location: 中国, ISP: 中国移动, Date: None, Delay: -1 ms, Speed: 0.00 M/s, Resolution: None
Name: 广东卫视, URL: http://[2409:8087:8:21::18]:6610/otttv.bj.chinamobile.com/PLTV/88888888/224/3221226961/1.m3u8?GuardEncType=2&accountinfo=%7E%7EV2.0%7E2MGyx659D_aaDPP0qt3NgA%7EtP4-l0lmSfjwLWEfK_el1vH_mv-s1zo4AQJwdedaVwG9xkuFTDg8J26cwOrNJzn20BErrHdLhuZ9EzLUCD3PMW-OMx4MGteHV2vLeW6BqoY%2CEND, IPv_Type: ipv6, Location: 中国, ISP: 中国移动, Date: None, Delay: -1 ms, Speed: 0.00 M/s, Resolution: None
Name: 广东卫视, URL: http://dsj.motem.top:8880/bptv/10000100000000050000000003873459.m3u8, IPv_Type: ipv6, Location: 美国, ISP: CloudFlare Inc., Date: None, Delay: -1 ms, Speed: 0.00 M/s, Resolution: None
Name: 广东卫视, URL: https://cc06.tv12.xyz/43.m3u8, IPv_Type: ipv6, Location: 美国, ISP: CloudFlare Inc., Date: None, Delay: -1 ms, Speed: 0.00 M/s, Resolution: None
Name: 广东卫视, URL: http://lu.wqwqwq.sbs/itv/1000000005000265034.m3u8?cdn=ystenlive, IPv_Type: ipv6, Location: 美国, ISP: CloudFlare Inc., Date: None, Delay: -1 ms, Speed: 0.00 M/s, Resolution: None
Name: 广东卫视, URL: http://satellitepull.cnr.cn/live/wxgdws/playlist.m3u8, IPv_Type: ipv4, Location: 美国-德克萨斯州-达拉斯, ISP: 网宿科技CDN节点, Date: None, Delay: 9 ms, Speed: 11.32 M/s, Resolution: None
Name: 香港卫视, URL: http://cctvtxyh5c.liveplay.myqcloud.com/cstv/xianggangweishi_2/index.m3u8, IPv_Type: ipv6, Location: 中国, ISP: 中国联通, Date: None, Delay: -1 ms, Speed: 0.00 M/s, Resolution: None
Name: 香港卫视, URL: https://yvxymm.tv12.xyz/175.m3u8, IPv_Type: ipv6, Location: 美国, ISP: CloudFlare Inc., Date: None, Delay: -1 ms, Speed: 0.00 M/s, Resolution: None
Name: 香港卫视, URL: https://migu.188766.xyz/?migutoken=71c1dbe4568d6c43573e0f04671d588f&id=%E9%A6%99%E6%B8%AF%E5%8D%AB%E8%A7%86&pp=1, IPv_Type: ipv6, Location: 美国, ISP: CloudFlare Inc., Date: None, Delay: -1 ms, Speed: 0.00 M/s, Resolution: None
Name: 香港卫视, URL: https://migu.188766.xyz/?migutoken=6804cde09f4133e69f2aaf5406a2bcc5&id=%E9%A6%99%E6%B8%AF%E5%8D%AB%E8%A7%86&type=yy, IPv_Type: ipv6, Location: 美国, ISP: CloudFlare Inc., Date: None, Delay: -1 ms, Speed: 0.00 M/s, Resolution: None
Name: 浙江卫视, URL: http://php.jdshipin.com/TVOD/hnyd.php?id=200000001898/460000089800010070, IPv_Type: ipv6, Location: 美国, ISP: CloudFlare Inc., Date: None, Delay: -1 ms, Speed: 0.00 M/s, Resolution: None
Name: 浙江卫视, URL: http://z.b.bkpcp.top/m.php?id=zjws, IPv_Type: ipv6, Location: 美国, ISP: CloudFlare Inc., Date: None, Delay: -1 ms, Speed: 0.00 M/s, Resolution: None
Name: 浙江卫视, URL: http://goo.bkpcp.top/mg/zjws, IPv_Type: ipv6, Location: 美国, ISP: CloudFlare Inc., Date: None, Delay: -1 ms, Speed: 0.00 M/s, Resolution: None
Name: 浙江卫视, URL: http://[2409:8087:74f0:22::5]:6410/270000001128/9900000531/index.m3u8, IPv_Type: ipv6, Location: 中国, ISP: 中国移动, Date: None, Delay: -1 ms, Speed: 0.00 M/s, Resolution: None
Name: 浙江卫视, URL: http://[2409:8087:1a01:df::4077]/ottrrs.hl.chinamobile.com/PLTV/88888888/224/3221226339/index.m3u8, IPv_Type: ipv6, Location: 中国, ISP: 中国移动, Date: None, Delay: -1 ms, Speed: 0.00 M/s, Resolution: None
Name: 浙江卫视, URL: http://[2409:8087:1a01:df::7005]/ottrrs.hl.chinamobile.com/PLTV/88888888/224/3221226339/index.m3u8, IPv_Type: ipv6, Location: 中国, ISP: 中国移动, Date: None, Delay: -1 ms, Speed: 0.00 M/s, Resolution: None
Name: 浙江卫视, URL: http://[2409:8087:1a01:df::7005]:80/ottrrs.hl.chinamobile.com/PLTV/88888888/224/3221226339/index.m3u8, IPv_Type: ipv6, Location: 中国, ISP: 中国移动, Date: None, Delay: -1 ms, Speed: 0.00 M/s, Resolution: None
Name: 浙江卫视, URL: http://[2409:8087:5e00:24::1e]:6060/200000001898/460000089800010070/1.m3u8, IPv_Type: ipv6, Location: 中国, ISP: 中国移动, Date: None, Delay: -1 ms, Speed: 0.00 M/s, Resolution: None
Name: 浙江卫视, URL: http://[2409:8087:74f0:22::4]:6410/270000001128/9900000531/index.m3u8, IPv_Type: ipv6, Location: 中国, ISP: 中国移动, Date: None, Delay: -1 ms, Speed: 0.00 M/s, Resolution: None
Name: 浙江卫视, URL: http://[2409:8087:5e08:24::12]:6610/200000001898/460000089800010070/1.m3u8, IPv_Type: ipv6, Location: 中国, ISP: 中国移动, Date: None, Delay: -1 ms, Speed: 0.00 M/s, Resolution: None
Name: 浙江卫视, URL: http://[2409:8087:8:21::18]:6610/otttv.bj.chinamobile.com/PLTV/88888888/224/3221226899/1.m3u8?GuardEncType=2&accountinfo=%7E%7EV2.0%7ETYfTgTra_pUx2cPrgZ_BDw%7EtP4-l0lmSfjwLWEfK_el1vH_mv-s1zo4AQJwdedaVwG9xkuFTDg8J26cwOrNJzn20BErrHdLhuZ9EzLUCD3PMW-OMx4MGteHV2vLeW6BqoY%2CEND, IPv_Type: ipv6, Location: 中国, ISP: 中国移动, Date: None, Delay: -1 ms, Speed: 0.00 M/s, Resolution: None
Name: 浙江卫视, URL: http://iptv.huuc.edu.cn/hls/zjhd.m3u8, IPv_Type: ipv6, Location: 中国, ISP: 教育网, Date: None, Delay: -1 ms, Speed: 0.00 M/s, Resolution: None
Name: 浙江卫视, URL: http://ali-vl.cztv.com/channels/lantian/channel001/360p.m3u8, IPv_Type: ipv6, Location: 中国, ISP: 中国电信, Date: None, Delay: -1 ms, Speed: 0.00 M/s, Resolution: None
Name: 浙江卫视, URL: http://[2409:8087:1a01:df::4043]:80/TVOD/88888888/224/3221225959/main.m3u8, IPv_Type: ipv6, Location: 中国, ISP: 中国移动, Date: None, Delay: -1 ms, Speed: 0.00 M/s, Resolution: None
Name: 浙江卫视, URL: https://cc06.tv12.xyz/117.m3u8, IPv_Type: ipv6, Location: 美国, ISP: CloudFlare Inc., Date: None, Delay: -1 ms, Speed: 0.00 M/s, Resolution: None
Name: 湖南卫视, URL: http://php.jdshipin.com/TVOD/hnyd.php?id=200000001898/460000089800010058, IPv_Type: ipv6, Location: 美国, ISP: CloudFlare Inc., Date: None, Delay: -1 ms, Speed: 0.00 M/s, Resolution: None
Name: 湖南卫视, URL: http://z.b.bkpcp.top/m.php?id=hunws, IPv_Type: ipv6, Location: 美国, ISP: CloudFlare Inc., Date: None, Delay: -1 ms, Speed: 0.00 M/s, Resolution: None
Name: 湖南卫视, URL: http://j.x.bkpcp.top/jx/HUNANHD, IPv_Type: ipv6, Location: 美国, ISP: CloudFlare Inc., Date: None, Delay: -1 ms, Speed: 0.00 M/s, Resolution: None
Name: 湖南卫视, URL: http://[2409:8087:74f0:22::5]:6410/270000001128/9900000523/index.m3u8, IPv_Type: ipv6, Location: 中国, ISP: 中国移动, Date: None, Delay: -1 ms, Speed: 0.00 M/s, Resolution: None
Name: 湖南卫视, URL: http://[2409:8087:1a01:df::7005]/ottrrs.hl.chinamobile.com/PLTV/88888888/224/3221226307/index.m3u8, IPv_Type: ipv6, Location: 中国, ISP: 中国移动, Date: None, Delay: -1 ms, Speed: 0.00 M/s, Resolution: None
Name: 湖南卫视, URL: http://[2409:8087:1a01:df::7005]:80/ottrrs.hl.chinamobile.com/PLTV/88888888/224/3221226307/index.m3u8, IPv_Type: ipv6, Location: 中国, ISP: 中国移动, Date: None, Delay: -1 ms, Speed: 0.00 M/s, Resolution: None
Name: 湖南卫视, URL: http://[2409:8087:5e00:24::1e]:6060/200000001898/460000089800010058/1.m3u8, IPv_Type: ipv6, Location: 中国, ISP: 中国移动, Date: None, Delay: -1 ms, Speed: 0.00 M/s, Resolution: None
Name: 湖南卫视, URL: http://[2409:8087:8:21::18]:6610/otttv.bj.chinamobile.com/PLTV/88888888/224/3221226509/1.m3u8?zoneoffset=480&servicetype=1&icpid=&limitflux=-1&limitdur=-1&tenantId=8601&accountinfo=%7E%7EV2.0%7EIGb_ib7rnBX9_sANRKq9sg%7EpK8OKM5JoJWWbLRyLfPcUMkwWZ90MzSI9S9PDltJsYzd0ZGcS3Tkh7syciNKJa-w60mDOdwtDyoNwCx9aRgzHNH9AUREV_qvNJtXHRPzYw0%7EExtInfo9bj61dxzlMXrsixrqcFYPg%3D%3D%3A20221022013542%2C915973%2C119.123.71.209%2C20221022013542%2C10000100000000050000000003873458%2C915973%2C-1%2C0%2C1%2C%2C%2C2%2C%2C%2C%2C2%2C%2C10000100000000060000000007253514_0%2CEND&GuardEncType=2, IPv_Type: ipv6, Location: 中国, ISP: 中国移动, Date: None, Delay: -1 ms, Speed: 0.00 M/s, Resolution: None
Name: 湖南卫视, URL: http://[2409:8087:8:21::18]:6610/otttv.bj.chinamobile.com/PLTV/88888888/224/3221226493/1.m3u8, IPv_Type: ipv6, Location: 中国, ISP: 中国移动, Date: None, Delay: -1 ms, Speed: 0.00 M/s, Resolution: None
Name: 湖南卫视, URL: http://[2409:8087:8:21::18]:6610/otttv.bj.chinamobile.com/PLTV/88888888/224/3221226509/1.m3u8, IPv_Type: ipv6, Location: 中国, ISP: 中国移动, Date: None, Delay: -1 ms, Speed: 0.00 M/s, Resolution: None
Name: 湖南卫视, URL: http://dsj.motem.top:8880/bptv/10000100000000050000000003873458.m3u8, IPv_Type: ipv6, Location: 美国, ISP: CloudFlare Inc., Date: None, Delay: -1 ms, Speed: 0.00 M/s, Resolution: None
Name: 湖南卫视, URL: http://iptv.huuc.edu.cn/hls/hunanhd.m3u8, IPv_Type: ipv6, Location: 中国, ISP: 教育网, Date: None, Delay: -1 ms, Speed: 0.00 M/s, Resolution: None
Name: 湖南卫视, URL: http://lu.wqwqwq.sbs/itv/1000000005000265024.m3u8?cdn=ystenlive, IPv_Type: ipv6, Location: 美国, ISP: CloudFlare Inc., Date: None, Delay: -1 ms, Speed: 0.00 M/s, Resolution: None
Name: 湖南卫视, URL: https://migu.188766.xyz/?migutoken=ec26188e91410ebeb44f54597d4eb02f&id=%E6%B9%96%E5%8D%97%E5%8D%AB%E8%A7%86&pp=1, IPv_Type: ipv6, Location: 美国, ISP: CloudFlare Inc., Date: None, Delay: -1 ms, Speed: 0.00 M/s, Resolution: None
Name: 湖南卫视, URL: https://cc06.tv12.xyz/57.m3u8, IPv_Type: ipv6, Location: 美国, ISP: CloudFlare Inc., Date: None, Delay: -1 ms, Speed: 0.00 M/s, Resolution: None
Name: 湖南卫视, URL: http://74.91.26.218:82/live/hnwshd.m3u8, IPv_Type: ipv4, Location: 美国, ISP: , Date: None, Delay: 191 ms, Speed: 20.23 M/s, Resolution: 1920x1080
Name: 湖南卫视, URL: http://satellitepull.cnr.cn/live/wx32hunws/playlist.m3u8, IPv_Type: ipv4, Location: 美国-伊利诺伊州-库克, ISP: 网宿CDN节点, Date: None, Delay: 13 ms, Speed: 9.83 M/s, Resolution: None
Name: 北京卫视, URL: http://php.jdshipin.com/TVOD/hnyd.php?id=200000001898/460000089800010143, IPv_Type: ipv6, Location: 美国, ISP: CloudFlare Inc., Date: None, Delay: -1 ms, Speed: 0.00 M/s, Resolution: None
Name: 北京卫视, URL: http://z.b.bkpcp.top/m.php?id=bjws, IPv_Type: ipv6, Location: 美国, ISP: CloudFlare Inc., Date: None, Delay: -1 ms, Speed: 0.00 M/s, Resolution: None
Name: 北京卫视, URL: http://j.x.bkpcp.top/jx/BEIJHD, IPv_Type: ipv6, Location: 美国, ISP: CloudFlare Inc., Date: None, Delay: -1 ms, Speed: 0.00 M/s, Resolution: None
Name: 北京卫视, URL: http://[2409:8087:1:20:20::2c]/otttv.bj.chinamobile.com/PLTV/88888888/224/3221226436/1.m3u8?GuardEncType=2&accountinfo=%7E%7EV2.0%7ElMQ3ov45VmhzipweN5VstQ%7E_eNUbgU9sJGUcVVduOMKhafLvQUgE_zlz_7pvDimJNPg_yZ8DZHTaSU92MIl_o3b%2CEND, IPv_Type: ipv6, Location: 中国, ISP: 中国移动, Date: None, Delay: -1 ms, Speed: 0.00 M/s, Resolution: None
Name: 北京卫视, URL: http://[2409:8087:74f0:22::6]:6410/270000001128/9900000516/index.m3u8, IPv_Type: ipv6, Location: 中国, ISP: 中国移动, Date: None, Delay: -1 ms, Speed: 0.00 M/s, Resolution: None
Name: 北京卫视, URL: http://[2409:8087:1a01:df::4077]/ottrrs.hl.chinamobile.com/PLTV/88888888/224/3221226450/index.m3u8, IPv_Type: ipv6, Location: 中国, ISP: 中国移动, Date: None, Delay: -1 ms, Speed: 0.00 M/s, Resolution: None
Name: 北京卫视, URL: http://[2409:8087:1a01:df::7005]/ottrrs.hl.chinamobile.com/PLTV/88888888/224/3221226450/index.m3u8, IPv_Type: ipv6, Location: 中国, ISP: 中国移动, Date: None, Delay: -1 ms, Speed: 0.00 M/s, Resolution: None
Name: 北京卫视, URL: http://[2409:8087:1a01:df::7005]:80/ottrrs.hl.chinamobile.com/PLTV/88888888/224/3221226450/index.m3u8, IPv_Type: ipv6, Location: 中国, ISP: 中国移动, Date: None, Delay: -1 ms, Speed: 0.00 M/s, Resolution: None
Name: 北京卫视, URL: http://[2409:8087:5e00:24::1e]:6060/200000001898/460000089800010143/1.m3u8, IPv_Type: ipv6, Location: 中国, ISP: 中国移动, Date: None, Delay: -1 ms, Speed: 0.00 M/s, Resolution: None
Name: 北京卫视, URL: http://[2409:8087:5e00:24::1e]:6060/200000001898/460000089800010043/1.m3u8, IPv_Type: ipv6, Location: 中国, ISP: 中国移动, Date: None, Delay: -1 ms, Speed: 0.00 M/s, Resolution: None
Name: 北京卫视, URL: http://[2409:8087:8:21::18]:6610/otttv.bj.chinamobile.com/PLTV/88888888/224/3221226900/1.m3u8?GuardEncType=2&accountinfo=%7E%7EV2.0%7EcYPi33WFyhvd6SjmqUKhJg%7EtP4-l0lmSfjwLWEfK_el1vH_mv-s1zo4AQJwdedaVwG9xkuFTDg8J26cwOrNJzn20BErrHdLhuZ9EzLUCD3PMW-OMx4MGteHV2vLeW6BqoY%2CEND, IPv_Type: ipv6, Location: 中国, ISP: 中国移动, Date: None, Delay: -1 ms, Speed: 0.00 M/s, Resolution: None
Name: 北京卫视, URL: http://dsj.motem.top:8880/bptv/10000100000000050000000003870776.m3u8, IPv_Type: ipv6, Location: 美国, ISP: CloudFlare Inc., Date: None, Delay: -1 ms, Speed: 0.00 M/s, Resolution: None
Name: 北京卫视, URL: http://iptv.huuc.edu.cn/hls/btv1hd.m3u8, IPv_Type: ipv6, Location: 中国, ISP: 教育网, Date: None, Delay: -1 ms, Speed: 0.00 M/s, Resolution: None
Name: 北京卫视, URL: http://lu.wqwqwq.sbs/itv/1000000005000265027.m3u8?cdn=ystenlive, IPv_Type: ipv6, Location: 美国, ISP: CloudFlare Inc., Date: None, Delay: -1 ms, Speed: 0.00 M/s, Resolution: None
Name: 北京卫视, URL: https://cc06.tv12.xyz/27.m3u8, IPv_Type: ipv6, Location: 美国, ISP: CloudFlare Inc., Date: None, Delay: -1 ms, Speed: 0.00 M/s, Resolution: None
Name: 北京卫视, URL: http://156.238.248.80:8880/play/28.m3u8, IPv_Type: ipv4, Location: 美国-加利福尼亚州-洛杉矶, ISP: Cloudinnovation数据中心, Date: None, Delay: 186 ms, Speed: 17.58 M/s, Resolution: 1920x1080
Name: 北京卫视, URL: http://satellitepull.cnr.cn/live/wxbtv/playlist.m3u8, IPv_Type: ipv4, Location: 美国-德克萨斯州-达拉斯, ISP: 网宿科技CDN节点, Date: None, Delay: 13 ms, Speed: 8.12 M/s, Resolution: None
Name: 湖北卫视, URL: http://php.jdshipin.com/TVOD/hnyd.php?id=200000001898/460000089800010057, IPv_Type: ipv6, Location: 美国, ISP: CloudFlare Inc., Date: None, Delay: -1 ms, Speed: 0.00 M/s, Resolution: None
Name: 湖北卫视, URL: http://z.b.bkpcp.top/m.php?id=hubws, IPv_Type: ipv6, Location: 美国, ISP: CloudFlare Inc., Date: None, Delay: -1 ms, Speed: 0.00 M/s, Resolution: None
Name: 湖北卫视, URL: http://j.x.bkpcp.top/jx/HUBEIHD, IPv_Type: ipv6, Location: 美国, ISP: CloudFlare Inc., Date: None, Delay: -1 ms, Speed: 0.00 M/s, Resolution: None
Name: 湖北卫视, URL: http://goo.bkpcp.top/mg/hubws, IPv_Type: ipv6, Location: 美国, ISP: CloudFlare Inc., Date: None, Delay: -1 ms, Speed: 0.00 M/s, Resolution: None
Name: 湖北卫视, URL: http://[2409:8087:74f0:22::5]:6410/270000001128/9900000522/index.m3u8, IPv_Type: ipv6, Location: 中国, ISP: 中国移动, Date: None, Delay: -1 ms, Speed: 0.00 M/s, Resolution: None
Name: 湖北卫视, URL: http://[2409:8087:1a01:df::7005]/ottrrs.hl.chinamobile.com/PLTV/88888888/224/3221226477/index.m3u8, IPv_Type: ipv6, Location: 中国, ISP: 中国移动, Date: None, Delay: -1 ms, Speed: 0.00 M/s, Resolution: None
Name: 湖北卫视, URL: http://[2409:8087:1a01:df::7005]:80/ottrrs.hl.chinamobile.com/PLTV/88888888/224/3221226477/index.m3u8, IPv_Type: ipv6, Location: 中国, ISP: 中国移动, Date: None, Delay: -1 ms, Speed: 0.00 M/s, Resolution: None
Name: 湖北卫视, URL: http://[2409:8087:5e00:24::1e]:6060/200000001898/460000089800010057/1.m3u8, IPv_Type: ipv6, Location: 中国, ISP: 中国移动, Date: None, Delay: -1 ms, Speed: 0.00 M/s, Resolution: None
Name: 湖北卫视, URL: http://[2409:8087:8:21::18]:6610/otttv.bj.chinamobile.com/PLTV/88888888/224/3221226952/1.m3u8?GuardEncType=2&accountinfo=%7E%7EV2.0%7EREB40lnZnCEwjRy7LZuhIQ%7EtP4-l0lmSfjwLWEfK_el1vH_mv-s1zo4AQJwdedaVwG9xkuFTDg8J26cwOrNJzn20BErrHdLhuZ9EzLUCD3PMW-OMx4MGteHV2vLeW6BqoY%2CEND, IPv_Type: ipv6, Location: 中国, ISP: 中国移动, Date: None, Delay: -1 ms, Speed: 0.00 M/s, Resolution: None
Name: 湖北卫视, URL: http://dsj.motem.top:8880/bptv/10000100000000050000000003873465.m3u8, IPv_Type: ipv6, Location: 美国, ISP: CloudFlare Inc., Date: None, Delay: -1 ms, Speed: 0.00 M/s, Resolution: None
Name: 湖北卫视, URL: http://iptv.huuc.edu.cn/hls/hbhd.m3u8, IPv_Type: ipv6, Location: 中国, ISP: 教育网, Date: None, Delay: -1 ms, Speed: 0.00 M/s, Resolution: None
Name: 湖北卫视, URL: https://migu.188766.xyz/?migutoken=9157c8aa7a594b5e3a23675f8f75f55b&id=%E6%B9%96%E5%8C%97%E5%8D%AB%E8%A7%86&pp=1, IPv_Type: ipv6, Location: 美国, ISP: CloudFlare Inc., Date: None, Delay: -1 ms, Speed: 0.00 M/s, Resolution: None
Name: 湖北卫视, URL: https://cc06.tv12.xyz/50.m3u8, IPv_Type: ipv6, Location: 美国, ISP: CloudFlare Inc., Date: None, Delay: -1 ms, Speed: 0.00 M/s, Resolution: None
Name: 湖北卫视, URL: http://satellitepull.cnr.cn/live/wx32hubws/playlist.m3u8, IPv_Type: ipv4, Location: 美国-德克萨斯州-达拉斯, ISP: 网宿科技CDN节点, Date: None, Delay: 8 ms, Speed: 11.49 M/s, Resolution: None
Name: 黑龙江卫视, URL: http://php.jdshipin.com/TVOD/hnyd.php?id=200000001898/460000089800010056, IPv_Type: ipv6, Location: 美国, ISP: CloudFlare Inc., Date: None, Delay: -1 ms, Speed: 0.00 M/s, Resolution: None
Name: 黑龙江卫视, URL: http://j.x.bkpcp.top/jx/HEILJHD, IPv_Type: ipv6, Location: 美国, ISP: CloudFlare Inc., Date: None, Delay: -1 ms, Speed: 0.00 M/s, Resolution: None
Name: 黑龙江卫视, URL: http://[2409:8087:4c0a:22:1::11]:6410/170000001115/UmaiCHAN181356BESTVSMGSMG/index.m3u8, IPv_Type: ipv6, Location: 中国, ISP: 中国移动, Date: None, Delay: -1 ms, Speed: 0.00 M/s, Resolution: None
Name: 黑龙江卫视, URL: http://[2409:8087:74f0:22::6]:6410/270000001128/9900000521/index.m3u8, IPv_Type: ipv6, Location: 中国, ISP: 中国移动, Date: None, Delay: -1 ms, Speed: 0.00 M/s, Resolution: None
Name: 黑龙江卫视, URL: http://[2409:8087:1a01:df::4077]/ottrrs.hl.chinamobile.com/PLTV/88888888/224/3221225799/index.m3u8, IPv_Type: ipv6, Location: 中国, ISP: 中国移动, Date: None, Delay: -1 ms, Speed: 0.00 M/s, Resolution: None
Name: 黑龙江卫视, URL: http://[2409:8087:1a01:df::7005]/ottrrs.hl.chinamobile.com/PLTV/88888888/224/3221226327/index.m3u8, IPv_Type: ipv6, Location: 中国, ISP: 中国移动, Date: None, Delay: -1 ms, Speed: 0.00 M/s, Resolution: None
Name: 黑龙江卫视, URL: http://[2409:8087:1a01:df::7005]:80/ottrrs.hl.chinamobile.com/PLTV/88888888/224/3221226327/index.m3u8, IPv_Type: ipv6, Location: 中国, ISP: 中国移动, Date: None, Delay: -1 ms, Speed: 0.00 M/s, Resolution: None
Name: 黑龙江卫视, URL: http://[2409:8087:5e00:24::1e]:6060/200000001898/460000089800010056/1.m3u8, IPv_Type: ipv6, Location: 中国, ISP: 中国移动, Date: None, Delay: -1 ms, Speed: 0.00 M/s, Resolution: None
Name: 黑龙江卫视, URL: http://[2409:8087:8:21::18]:6610/otttv.bj.chinamobile.com/PLTV/88888888/224/3221226965/1.m3u8?GuardEncType=2&accountinfo=%7E%7EV2.0%7E7UiKL56-L86ihmTWaZ6csw%7EtP4-l0lmSfjwLWEfK_el1vH_mv-s1zo4AQJwdedaVwG9xkuFTDg8J26cwOrNJzn20BErrHdLhuZ9EzLUCD3PMW-OMx4MGteHV2vLeW6BqoY%2CEND, IPv_Type: ipv6, Location: 中国, ISP: 中国移动, Date: None, Delay: -1 ms, Speed: 0.00 M/s, Resolution: None
Name: 黑龙江卫视, URL: http://[2409:8087:8:21::18]:6610/otttv.bj.chinamobile.com/PLTV/88888888/224/3221226239/1.m3u8, IPv_Type: ipv6, Location: 中国, ISP: 中国移动, Date: None, Delay: -1 ms, Speed: 0.00 M/s, Resolution: None
Name: 黑龙江卫视, URL: http://dsj.motem.top:8880/bptv/10000100000000050000000003873470.m3u8, IPv_Type: ipv6, Location: 美国, ISP: CloudFlare Inc., Date: None, Delay: -1 ms, Speed: 0.00 M/s, Resolution: None
Name: 黑龙江卫视, URL: http://iptv.huuc.edu.cn/hls/hljhd.m3u8, IPv_Type: ipv6, Location: 中国, ISP: 教育网, Date: None, Delay: -1 ms, Speed: 0.00 M/s, Resolution: None
Name: 黑龙江卫视, URL: https://cc06.tv12.xyz/53.m3u8, IPv_Type: ipv6, Location: 美国, ISP: CloudFlare Inc., Date: None, Delay: -1 ms, Speed: 0.00 M/s, Resolution: None
Name: 黑龙江卫视, URL: https://epg.pw/stream/c6c1262d0b35e59eac22bf513395f00f8b60cc5eab41f598412cdf8269312f32.m3u8, IPv_Type: ipv6, Location: 美国, ISP: CloudFlare Inc., Date: None, Delay: -1 ms, Speed: 0.00 M/s, Resolution: None
Name: 安徽卫视, URL: http://php.jdshipin.com/TVOD/hljyd.php?id=3221226391, IPv_Type: ipv6, Location: 美国, ISP: CloudFlare Inc., Date: None, Delay: -1 ms, Speed: 0.00 M/s, Resolution: None
Name: 安徽卫视, URL: http://j.x.bkpcp.top/jx/ANHUIHD, IPv_Type: ipv6, Location: 美国, ISP: CloudFlare Inc., Date: None, Delay: -1 ms, Speed: 0.00 M/s, Resolution: None
Name: 安徽卫视, URL: http://[2409:8087:74f0:22::7]:6410/270000001128/9900000514/index.m3u8, IPv_Type: ipv6, Location: 中国, ISP: 中国移动, Date: None, Delay: -1 ms, Speed: 0.00 M/s, Resolution: None
Name: 安徽卫视, URL: http://[2409:8087:1a01:df::4077]/ottrrs.hl.chinamobile.com/PLTV/88888888/224/3221226391/index.m3u8, IPv_Type: ipv6, Location: 中国, ISP: 中国移动, Date: None, Delay: -1 ms, Speed: 0.00 M/s, Resolution: None
Name: 安徽卫视, URL: http://[2409:8087:1a01:df::7005]/ottrrs.hl.chinamobile.com/PLTV/88888888/224/3221226391/index.m3u8, IPv_Type: ipv6, Location: 中国, ISP: 中国移动, Date: None, Delay: -1 ms, Speed: 0.00 M/s, Resolution: None
Name: 安徽卫视, URL: http://[2409:8087:1a01:df::7005]:80/ottrrs.hl.chinamobile.com/PLTV/88888888/224/3221226391/index.m3u8, IPv_Type: ipv6, Location: 中国, ISP: 中国移动, Date: None, Delay: -1 ms, Speed: 0.00 M/s, Resolution: None
Name: 安徽卫视, URL: http://[2409:8087:5e00:24::1e]:6060/200000001898/460000089800010041/1.m3u8, IPv_Type: ipv6, Location: 中国, ISP: 中国移动, Date: None, Delay: -1 ms, Speed: 0.00 M/s, Resolution: None
Name: 安徽卫视, URL: http://dsj.motem.top:8880/bptv/10000100000000050000000003873469.m3u8, IPv_Type: ipv6, Location: 美国, ISP: CloudFlare Inc., Date: None, Delay: -1 ms, Speed: 0.00 M/s, Resolution: None
Name: 安徽卫视, URL: http://iptv.huuc.edu.cn/hls/ahhd.m3u8, IPv_Type: ipv6, Location: 中国, ISP: 教育网, Date: None, Delay: -1 ms, Speed: 0.00 M/s, Resolution: None
Name: 安徽卫视, URL: http://[2409:8087:8:21::18]:6610/otttv.bj.chinamobile.com/PLTV/88888888/224/3221226337/1.m3u8, IPv_Type: ipv6, Location: 中国, ISP: 中国移动, Date: None, Delay: -1 ms, Speed: 0.00 M/s, Resolution: None
Name: 安徽卫视, URL: http://lu.wqwqwq.sbs/itv/1000000005000265025.m3u8?cdn=ystenlive, IPv_Type: ipv6, Location: 美国, ISP: CloudFlare Inc., Date: None, Delay: -1 ms, Speed: 0.00 M/s, Resolution: None
Name: 安徽卫视, URL: https://cc06.tv12.xyz/26.m3u8, IPv_Type: ipv6, Location: 美国, ISP: CloudFlare Inc., Date: None, Delay: -1 ms, Speed: 0.00 M/s, Resolution: None
Name: 安徽卫视, URL: http://[2409:8087:8:21::18]:6610/otttv.bj.chinamobile.com/PLTV/88888888/224/3221226943/1.m3u8?GuardEncType=2&accountinfo=%7E%7EV2.0%7E0QmKQ_slRCwvVVUUfxPVbw%7EtP4-l0lmSfjwLWEfK_el1vH_mv-s1zo4AQJwdedaVwG9xkuFTDg8J26cwOrNJzn20BErrHdLhuZ9EzLUCD3PMW-OMx4MGteHV2vLeW6BqoY%2CEND, IPv_Type: ipv6, Location: 中国, ISP: 中国移动, Date: None, Delay: -1 ms, Speed: 0.00 M/s, Resolution: None
Name: 安徽卫视, URL: http://satellitepull.cnr.cn/live/wxahws/playlist.m3u8, IPv_Type: ipv4, Location: 美国-德克萨斯州-达拉斯, ISP: 网宿科技CDN节点, Date: None, Delay: 9 ms, Speed: 11.17 M/s, Resolution: None
Name: 重庆卫视, URL: http://php.jdshipin.com/TVOD/hnyd.php?id=200000001898/460000089800010053, IPv_Type: ipv6, Location: 美国, ISP: CloudFlare Inc., Date: None, Delay: -1 ms, Speed: 0.00 M/s, Resolution: None
Name: 重庆卫视, URL: http://z.b.bkpcp.top/m.php?id=cqws, IPv_Type: ipv6, Location: 美国, ISP: CloudFlare Inc., Date: None, Delay: -1 ms, Speed: 0.00 M/s, Resolution: None
Name: 重庆卫视, URL: http://j.x.bkpcp.top/jx/CHONGQHD, IPv_Type: ipv6, Location: 美国, ISP: CloudFlare Inc., Date: None, Delay: -1 ms, Speed: 0.00 M/s, Resolution: None
Name: 重庆卫视, URL: http://[2409:8087:74f0:22::7]:6410/270000001128/9900000517/index.m3u8, IPv_Type: ipv6, Location: 中国, ISP: 中国移动, Date: None, Delay: -1 ms, Speed: 0.00 M/s, Resolution: None
Name: 重庆卫视, URL: http://[2409:8087:1a01:df::4077]/ottrrs.hl.chinamobile.com/PLTV/88888888/224/3221226409/index.m3u8, IPv_Type: ipv6, Location: 中国, ISP: 中国移动, Date: None, Delay: -1 ms, Speed: 0.00 M/s, Resolution: None
Name: 重庆卫视, URL: http://[2409:8087:1a01:df::7005]/ottrrs.hl.chinamobile.com/PLTV/88888888/224/3221226409/index.m3u8, IPv_Type: ipv6, Location: 中国, ISP: 中国移动, Date: None, Delay: -1 ms, Speed: 0.00 M/s, Resolution: None
Name: 重庆卫视, URL: http://[2409:8087:1a01:df::7005]:80/ottrrs.hl.chinamobile.com/PLTV/88888888/224/3221226409/index.m3u8, IPv_Type: ipv6, Location: 中国, ISP: 中国移动, Date: None, Delay: -1 ms, Speed: 0.00 M/s, Resolution: None
Name: 重庆卫视, URL: http://[2409:8087:5e00:24::1e]:6060/200000001898/460000089800010053/1.m3u8, IPv_Type: ipv6, Location: 中国, ISP: 中国移动, Date: None, Delay: -1 ms, Speed: 0.00 M/s, Resolution: None
Name: 重庆卫视, URL: http://[2409:8087:8:21::18]:6610/otttv.bj.chinamobile.com/PLTV/88888888/224/3221226963/1.m3u8?GuardEncType=2&accountinfo=%7E%7EV2.0%7EjTXsJprEx2nE38tdvu5lhA%7EtP4-l0lmSfjwLWEfK_el1vH_mv-s1zo4AQJwdedaVwG9xkuFTDg8J26cwOrNJzn20BErrHdLhuZ9EzLUCD3PMW-OMx4MGteHV2vLeW6BqoY%2CEND, IPv_Type: ipv6, Location: 中国, ISP: 中国移动, Date: None, Delay: -1 ms, Speed: 0.00 M/s, Resolution: None
Name: 重庆卫视, URL: http://[2409:8087:8:21::18]:6610/otttv.bj.chinamobile.com/PLTV/88888888/224/3221226337/1.m3u8, IPv_Type: ipv6, Location: 中国, ISP: 中国移动, Date: None, Delay: -1 ms, Speed: 0.00 M/s, Resolution: None
Name: 重庆卫视, URL: http://dsj.motem.top:8880/bptv/10000100000000050000000004796458.m3u8, IPv_Type: ipv6, Location: 美国, ISP: CloudFlare Inc., Date: None, Delay: -1 ms, Speed: 0.00 M/s, Resolution: None
Name: 重庆卫视, URL: http://iptv.huuc.edu.cn/hls/cqhd.m3u8, IPv_Type: ipv6, Location: 中国, ISP: 教育网, Date: None, Delay: -1 ms, Speed: 0.00 M/s, Resolution: None
Name: 重庆卫视, URL: http://lu.wqwqwq.sbs/itv/1000000005000265017.m3u8?cdn=ystenlive, IPv_Type: ipv6, Location: 美国, ISP: CloudFlare Inc., Date: None, Delay: -1 ms, Speed: 0.00 M/s, Resolution: None
Name: 重庆卫视, URL: https://cc06.tv12.xyz/34.m3u8, IPv_Type: ipv6, Location: 美国, ISP: CloudFlare Inc., Date: None, Delay: -1 ms, Speed: 0.00 M/s, Resolution: None
Name: 重庆卫视, URL: http://satellitepull.cnr.cn/live/wxcqws/playlist.m3u8, IPv_Type: ipv4, Location: 美国-德克萨斯州-达拉斯, ISP: 网宿科技CDN节点, Date: None, Delay: 8 ms, Speed: 11.64 M/s, Resolution: None
Name: 东方卫视, URL: http://php.jdshipin.com/TVOD/hnyd.php?id=200000001898/460000089800010054, IPv_Type: ipv6, Location: 美国, ISP: CloudFlare Inc., Date: None, Delay: -1 ms, Speed: 0.00 M/s, Resolution: None
Name: 东方卫视, URL: http://z.b.bkpcp.top/m.php?id=dfws#rtsp://115.85.232.19/PLTV/88888910/224/3221225531/10000100000000060000000000107311_0.smil, IPv_Type: ipv6, Location: 美国, ISP: CloudFlare Inc., Date: None, Delay: -1 ms, Speed: 0.00 M/s, Resolution: None
Name: 东方卫视, URL: http://goo.bkpcp.top/mg/dfws, IPv_Type: ipv6, Location: 美国, ISP: CloudFlare Inc., Date: None, Delay: -1 ms, Speed: 0.00 M/s, Resolution: None
Name: 东方卫视, URL: http://[2409:8087:74f0:22::5]:6410/270000001128/9900000518/index.m3u8, IPv_Type: ipv6, Location: 中国, ISP: 中国移动, Date: None, Delay: -1 ms, Speed: 0.00 M/s, Resolution: None
Name: 东方卫视, URL: http://[2409:8087:1a01:df::4077]/ottrrs.hl.chinamobile.com/PLTV/88888888/224/3221226345/index.m3u8, IPv_Type: ipv6, Location: 中国, ISP: 中国移动, Date: None, Delay: -1 ms, Speed: 0.00 M/s, Resolution: None
Name: 东方卫视, URL: http://[2409:8087:1a01:df::7005]/ottrrs.hl.chinamobile.com/PLTV/88888888/224/3221226345/index.m3u8, IPv_Type: ipv6, Location: 中国, ISP: 中国移动, Date: None, Delay: -1 ms, Speed: 0.00 M/s, Resolution: None
Name: 东方卫视, URL: http://[2409:8087:1a01:df::7005]:80/ottrrs.hl.chinamobile.com/PLTV/88888888/224/3221226345/index.m3u8, IPv_Type: ipv6, Location: 中国, ISP: 中国移动, Date: None, Delay: -1 ms, Speed: 0.00 M/s, Resolution: None
Name: 东方卫视, URL: http://[2409:8087:5e00:24::1e]:6060/200000001898/460000089800010054/1.m3u8, IPv_Type: ipv6, Location: 中国, ISP: 中国移动, Date: None, Delay: -1 ms, Speed: 0.00 M/s, Resolution: None
Name: 东方卫视, URL: http://[2409:8087:8:21::18]:6610/otttv.bj.chinamobile.com/PLTV/88888888/224/3221226898/1.m3u8?GuardEncType=2&accountinfo=%7E%7EV2.0%7E0uh4lyjjBCCN7TCq21vSIQ%7EtP4-l0lmSfjwLWEfK_el1vH_mv-s1zo4AQJwdedaVwG9xkuFTDg8J26cwOrNJzn20BErrHdLhuZ9EzLUCD3PMW-OMx4MGteHV2vLeW6BqoY%2CEND, IPv_Type: ipv6, Location: 中国, ISP: 中国移动, Date: None, Delay: -1 ms, Speed: 0.00 M/s, Resolution: None
Name: 东方卫视, URL: http://dsj.motem.top:8880/bptv/10000100000000050000000003873462.m3u8, IPv_Type: ipv6, Location: 美国, ISP: CloudFlare Inc., Date: None, Delay: -1 ms, Speed: 0.00 M/s, Resolution: None
Name: 东方卫视, URL: http://iptv.huuc.edu.cn/hls/dfhd.m3u8, IPv_Type: ipv6, Location: 中国, ISP: 教育网, Date: None, Delay: -1 ms, Speed: 0.00 M/s, Resolution: None
Name: 东方卫视, URL: https://cc06.tv12.xyz/37.m3u8, IPv_Type: ipv6, Location: 美国, ISP: CloudFlare Inc., Date: None, Delay: -1 ms, Speed: 0.00 M/s, Resolution: None
Name: 东南卫视, URL: http://php.jdshipin.com/TVOD/hnyd.php?id=200000001898/460000089800010096, IPv_Type: ipv6, Location: 美国, ISP: CloudFlare Inc., Date: None, Delay: -1 ms, Speed: 0.00 M/s, Resolution: None
Name: 东南卫视, URL: http://z.b.bkpcp.top/m.php?id=dnws, IPv_Type: ipv6, Location: 美国, ISP: CloudFlare Inc., Date: None, Delay: -1 ms, Speed: 0.00 M/s, Resolution: None
Name: 东南卫视, URL: http://j.x.bkpcp.top/jx/DONGNHD, IPv_Type: ipv6, Location: 美国, ISP: CloudFlare Inc., Date: None, Delay: -1 ms, Speed: 0.00 M/s, Resolution: None
Name: 东南卫视, URL: http://[2409:8087:74f0:22::4]:6610/270000001128/9900000519/index.m3u8, IPv_Type: ipv6, Location: 中国, ISP: 中国移动, Date: None, Delay: -1 ms, Speed: 0.00 M/s, Resolution: None
Name: 东南卫视, URL: http://[2409:8087:1a01:df::4077]/ottrrs.hl.chinamobile.com/PLTV/88888888/224/3221226341/index.m3u8, IPv_Type: ipv6, Location: 中国, ISP: 中国移动, Date: None, Delay: -1 ms, Speed: 0.00 M/s, Resolution: None
Name: 东南卫视, URL: http://[2409:8087:1a01:df::7005]:80/ottrrs.hl.chinamobile.com/PLTV/88888888/224/3221226341/index.m3u8, IPv_Type: ipv6, Location: 中国, ISP: 中国移动, Date: None, Delay: -1 ms, Speed: 0.00 M/s, Resolution: None
Name: 东南卫视, URL: http://[2409:8087:1a01:df::7005]/ottrrs.hl.chinamobile.com/PLTV/88888888/224/3221226341/index.m3u8, IPv_Type: ipv6, Location: 中国, ISP: 中国移动, Date: None, Delay: -1 ms, Speed: 0.00 M/s, Resolution: None
Name: 东南卫视, URL: http://[2409:8087:5e00:24::1e]:6060/200000001898/460000089800010096/1.m3u8, IPv_Type: ipv6, Location: 中国, ISP: 中国移动, Date: None, Delay: -1 ms, Speed: 0.00 M/s, Resolution: None
Name: 东南卫视, URL: http://[2409:8087:8:21::18]:6610/otttv.bj.chinamobile.com/PLTV/88888888/224/3221226991/1.m3u8?GuardEncType=2&accountinfo=%7E%7EV2.0%7EQ6F5Mjgs0tJyEArWFL3vQA%7EtP4-l0lmSfjwLWEfK_el1vH_mv-s1zo4AQJwdedaVwG9xkuFTDg8J26cwOrNJzn20BErrHdLhuZ9EzLUCD3PMW-OMx4MGteHV2vLeW6BqoY%2CEND, IPv_Type: ipv6, Location: 中国, ISP: 中国移动, Date: None, Delay: -1 ms, Speed: 0.00 M/s, Resolution: None
Name: 东南卫视, URL: http://[2409:8087:1a01:df::4035]:80/TVOD/88888888/224/3221225950/main.m3u8, IPv_Type: ipv6, Location: 中国, ISP: 中国移动, Date: None, Delay: -1 ms, Speed: 0.00 M/s, Resolution: None
Name: 东南卫视, URL: http://dsj.motem.top:8880/bptv/10000100000000050000000003873473.m3u8, IPv_Type: ipv6, Location: 美国, ISP: CloudFlare Inc., Date: None, Delay: -1 ms, Speed: 0.00 M/s, Resolution: None
Name: 东南卫视, URL: http://iptv.huuc.edu.cn/hls/dnhd.m3u8, IPv_Type: ipv6, Location: 中国, ISP: 教育网, Date: None, Delay: -1 ms, Speed: 0.00 M/s, Resolution: None
Name: 东南卫视, URL: http://live.zohi.tv/video/s10001-fztv-3/index.m3u8, IPv_Type: ipv6, Location: 中国, ISP: 中国电信, Date: None, Delay: -1 ms, Speed: 0.00 M/s, Resolution: None
Name: 东南卫视, URL: https://mursor.ottiptv.cc/migu/849116810.m3u8?migutoken=014b95a53095818f8ad2a30cc3d3f67aa4b109c10b94458b5cad53ac8361f27208aa7a7a66bebce7220d50e66d3f80b5e74206d6ac47309504139232b4b79c22918f04eba66a5404c48ca4767d, IPv_Type: ipv6, Location: 美国, ISP: Oracle Corporation, Date: None, Delay: -1 ms, Speed: 0.00 M/s, Resolution: None
Name: 东南卫视, URL: https://mursor.ottiptv.cc/migu/849116810.m3u8?migutoken=929828e6dada3fb91580ca859478bb2235838e1a9ca053a1bcca7a7cebd1bc47dddcf3d8a8eba06b3ea0d92dd2c13c6b2a2a98f7e92cac8631f1881b74c6022dbce0be85da4a53456296af27d3, IPv_Type: ipv6, Location: 美国-新泽西州-哈德逊, ISP: DigitalOcean, Date: None, Delay: -1 ms, Speed: 0.00 M/s, Resolution: None
Name: 东南卫视, URL: https://cc06.tv12.xyz/38.m3u8, IPv_Type: ipv6, Location: 美国, ISP: CloudFlare Inc., Date: None, Delay: -1 ms, Speed: 0.00 M/s, Resolution: None
Name: 东南卫视, URL: http://satellitepull.cnr.cn/live/wx32fjws/playlist.m3u8, IPv_Type: ipv4, Location: 美国-德克萨斯州-达拉斯, ISP: 网宿科技CDN节点, Date: None, Delay: 9 ms, Speed: 11.07 M/s, Resolution: None
Name: 甘肃卫视, URL: http://live.zohi.tv/video/s10001-fztv-3/index.m3u8, IPv_Type: ipv6, Location: 中国, ISP: 中国电信, Date: None, Delay: -1 ms, Speed: 0.00 M/s, Resolution: None
Name: 甘肃卫视, URL: http://php.jdshipin.com/TVOD/hnyd.php?id=200000001898/460000089800010098, IPv_Type: ipv6, Location: 美国, ISP: CloudFlare Inc., Date: None, Delay: -1 ms, Speed: 0.00 M/s, Resolution: None
Name: 甘肃卫视, URL: http://z.b.bkpcp.top/m.php?id=gsws, IPv_Type: ipv6, Location: 美国, ISP: CloudFlare Inc., Date: None, Delay: -1 ms, Speed: 0.00 M/s, Resolution: None
Name: 甘肃卫视, URL: http://j.x.bkpcp.top/jx/GSWS, IPv_Type: ipv6, Location: 美国, ISP: CloudFlare Inc., Date: None, Delay: -1 ms, Speed: 0.00 M/s, Resolution: None
Name: 甘肃卫视, URL: http://goo.bkpcp.top/mg/gsws, IPv_Type: ipv6, Location: 美国, ISP: CloudFlare Inc., Date: None, Delay: -1 ms, Speed: 0.00 M/s, Resolution: None
Name: 甘肃卫视, URL: http://[2409:8087:74f0:22::5]:6410/270000001128/9900000023/index.m3u8, IPv_Type: ipv6, Location: 中国, ISP: 中国移动, Date: None, Delay: -1 ms, Speed: 0.00 M/s, Resolution: None
Name: 甘肃卫视, URL: http://[2409:8087:74f0:22::7]:6410/270000001111/1110000322/index.m3u8, IPv_Type: ipv6, Location: 中国, ISP: 中国移动, Date: None, Delay: -1 ms, Speed: 0.00 M/s, Resolution: None
Name: 甘肃卫视, URL: http://[2409:8087:1a01:df::7005]:80/ottrrs.hl.chinamobile.com/PLTV/88888888/224/3221225633/index.m3u8, IPv_Type: ipv6, Location: 中国, ISP: 中国移动, Date: None, Delay: -1 ms, Speed: 0.00 M/s, Resolution: None
Name: 甘肃卫视, URL: http://[2409:8087:5e00:24::1e]:6060/200000001898/460000089800010098/1.m3u8, IPv_Type: ipv6, Location: 中国, ISP: 中国移动, Date: None, Delay: -1 ms, Speed: 0.00 M/s, Resolution: None
Name: 甘肃卫视, URL: http://[2409:8087:8:21::18]:6610/otttv.bj.chinamobile.com/PLTV/88888888/224/3221227020/1.m3u8?GuardEncType=2&accountinfo=%7E%7EV2.0%7Err-CLugPnTcUinEM8JeySg%7EtP4-l0lmSfjwLWEfK_el1vH_mv-s1zo4AQJwdedaVwG9xkuFTDg8J26cwOrNJzn20BErrHdLhuZ9EzLUCD3PMW-OMx4MGteHV2vLeW6BqoY%2CEND, IPv_Type: ipv6, Location: 中国, ISP: 中国移动, Date: None, Delay: -1 ms, Speed: 0.00 M/s, Resolution: None
Name: 甘肃卫视, URL: http://[2409:8087:8:21::18]:6610/otttv.bj.chinamobile.com/PLTV/88888888/224/3221226545/1.m3u8, IPv_Type: ipv6, Location: 中国, ISP: 中国移动, Date: None, Delay: -1 ms, Speed: 0.00 M/s, Resolution: None
Name: 甘肃卫视, URL: http://[2409:8087:8:21::18]:6610/otttv.bj.chinamobile.com/PLTV/88888888/224/3221226913/1.m3u8, IPv_Type: ipv6, Location: 中国, ISP: 中国移动, Date: None, Delay: -1 ms, Speed: 0.00 M/s, Resolution: None
Name: 甘肃卫视, URL: http://dsj.motem.top:8880/bptv/10000100000000050000000003887450.m3u8, IPv_Type: ipv6, Location: 美国, ISP: CloudFlare Inc., Date: None, Delay: -1 ms, Speed: 0.00 M/s, Resolution: None
Name: 甘肃卫视, URL: https://cc06.tv12.xyz/44.m3u8, IPv_Type: ipv6, Location: 美国, ISP: CloudFlare Inc., Date: None, Delay: -1 ms, Speed: 0.00 M/s, Resolution: None
Name: 广西卫视, URL: http://php.jdshipin.com/TVOD/hljyd.php?id=3221226549, IPv_Type: ipv6, Location: 美国, ISP: CloudFlare Inc., Date: None, Delay: -1 ms, Speed: 0.00 M/s, Resolution: None
Name: 广西卫视, URL: http://z.b.bkpcp.top/m.php?id=gxws, IPv_Type: ipv6, Location: 美国, ISP: CloudFlare Inc., Date: None, Delay: -1 ms, Speed: 0.00 M/s, Resolution: None
Name: 广西卫视, URL: https://mobilelive.gxtv.cn/live/gx_live1004/playlist.m3u8, IPv_Type: ipv6, Location: 加拿大, ISP: , Date: None, Delay: -1 ms, Speed: 0.00 M/s, Resolution: None
Name: 广西卫视, URL: http://goo.bkpcp.top/mg/gxws, IPv_Type: ipv6, Location: 美国, ISP: CloudFlare Inc., Date: None, Delay: -1 ms, Speed: 0.00 M/s, Resolution: None
Name: 广西卫视, URL: http://live.cztv.cc:85/live/ggpd.m3u8, IPv_Type: ipv6, Location: 中国, ISP: 中国移动, Date: None, Delay: -1 ms, Speed: 0.00 M/s, Resolution: None
Name: 广西卫视, URL: http://[2409:8087:74f0:22::7]:6410/270000001128/9900000034/index.m3u8, IPv_Type: ipv6, Location: 中国, ISP: 中国移动, Date: None, Delay: -1 ms, Speed: 0.00 M/s, Resolution: None
Name: 广西卫视, URL: http://[2409:8087:1a01:df::7005]:80/ottrrs.hl.chinamobile.com/PLTV/88888888/224/3221226380/index.m3u8, IPv_Type: ipv6, Location: 中国, ISP: 中国移动, Date: None, Delay: -1 ms, Speed: 0.00 M/s, Resolution: None
Name: 广西卫视, URL: http://[2409:8087:1a01:df::7005]/ottrrs.hl.chinamobile.com/PLTV/88888888/224/3221226549/index.m3u8, IPv_Type: ipv6, Location: 中国, ISP: 中国移动, Date: None, Delay: -1 ms, Speed: 0.00 M/s, Resolution: None
Name: 广西卫视, URL: http://[2409:8087:1a01:df::7005]:80/ottrrs.hl.chinamobile.com/PLTV/88888888/224/3221226549/index.m3u8, IPv_Type: ipv6, Location: 中国, ISP: 中国移动, Date: None, Delay: -1 ms, Speed: 0.00 M/s, Resolution: None
Name: 广西卫视, URL: http://[2409:8087:5e00:24::1e]:6060/200000001898/460000089800010099/1.m3u8, IPv_Type: ipv6, Location: 中国, ISP: 中国移动, Date: None, Delay: -1 ms, Speed: 0.00 M/s, Resolution: None
Name: 广西卫视, URL: http://[2409:8087:8:21::18]:6610/otttv.bj.chinamobile.com/PLTV/88888888/224/3221227010/1.m3u8?GuardEncType=2&accountinfo=%7E%7EV2.0%7EkAhb-89sxdm9fz6-heXCuw%7EtP4-l0lmSfjwLWEfK_el1vH_mv-s1zo4AQJwdedaVwG9xkuFTDg8J26cwOrNJzn20BErrHdLhuZ9EzLUCD3PMW-OMx4MGteHV2vLeW6BqoY%2CEND, IPv_Type: ipv6, Location: 中国, ISP: 中国移动, Date: None, Delay: -1 ms, Speed: 0.00 M/s, Resolution: None
Name: 广西卫视, URL: http://[2409:8087:1a01:df::4047]:80/TVOD/88888888/224/3221226091/main.m3u8, IPv_Type: ipv6, Location: 中国, ISP: 中国移动, Date: None, Delay: -1 ms, Speed: 0.00 M/s, Resolution: None
Name: 广西卫视, URL: http://dsj.motem.top:8880/bptv/10000100000000050000000003887394.m3u8, IPv_Type: ipv6, Location: 美国, ISP: CloudFlare Inc., Date: None, Delay: -1 ms, Speed: 0.00 M/s, Resolution: None
Name: 广西卫视, URL: https://hlscdn.liangtv.cn/live/de0f97348eb84f62aa6b7d8cf0430770/dd505d87880c478f901f38560ca4d4e6.m3u8, IPv_Type: ipv6, Location: 加拿大, ISP: , Date: None, Delay: -1 ms, Speed: 0.00 M/s, Resolution: None
Name: 广西卫视, URL: https://hlscdn.liangtv.cn/live/0c4ef3a44b934cacb8b47121dfada66c/d7e04258157b480dae53883cc6f8123b.m3u8, IPv_Type: ipv6, Location: 加拿大, ISP: , Date: None, Delay: -1 ms, Speed: 0.00 M/s, Resolution: None
Name: 广西卫视, URL: https://cc06.tv12.xyz/46.m3u8, IPv_Type: ipv6, Location: 美国, ISP: CloudFlare Inc., Date: None, Delay: -1 ms, Speed: 0.00 M/s, Resolution: None
Name: 广西卫视, URL: http://107.150.60.122/live/gxwshd.m3u8, IPv_Type: ipv4, Location: 美国-密苏里州-杰克逊县, ISP: NOCIX数据中心, Date: None, Delay: 217 ms, Speed: 15.41 M/s, Resolution: 1920x1080
Name: 贵州卫视, URL: http://php.jdshipin.com/TVOD/hljyd.php?id=3221226474, IPv_Type: ipv6, Location: 美国, ISP: CloudFlare Inc., Date: None, Delay: -1 ms, Speed: 0.00 M/s, Resolution: None
Name: 贵州卫视, URL: http://z.b.bkpcp.top/m.php?id=gzws, IPv_Type: ipv6, Location: 美国, ISP: CloudFlare Inc., Date: None, Delay: -1 ms, Speed: 0.00 M/s, Resolution: None
Name: 贵州卫视, URL: http://j.x.bkpcp.top/jx/GUIZHD, IPv_Type: ipv6, Location: 美国, ISP: CloudFlare Inc., Date: None, Delay: -1 ms, Speed: 0.00 M/s, Resolution: None
Name: 贵州卫视, URL: http://goo.bkpcp.top/mg/gzws, IPv_Type: ipv6, Location: 美国, ISP: CloudFlare Inc., Date: None, Delay: -1 ms, Speed: 0.00 M/s, Resolution: None
Name: 贵州卫视, URL: http://[2409:8087:74f0:22::7]:6410/270000001128/9900000036/index.m3u8, IPv_Type: ipv6, Location: 中国, ISP: 中国移动, Date: None, Delay: -1 ms, Speed: 0.00 M/s, Resolution: None
Name: 贵州卫视, URL: http://[2409:8087:1a01:df::4077]/ottrrs.hl.chinamobile.com/PLTV/88888888/224/3221226474/index.m3u8, IPv_Type: ipv6, Location: 中国, ISP: 中国移动, Date: None, Delay: -1 ms, Speed: 0.00 M/s, Resolution: None
Name: 贵州卫视, URL: http://[2409:8087:1a01:df::7005]:80/ottrrs.hl.chinamobile.com/PLTV/88888888/224/3221226474/index.m3u8, IPv_Type: ipv6, Location: 中国, ISP: 中国移动, Date: None, Delay: -1 ms, Speed: 0.00 M/s, Resolution: None
Name: 贵州卫视, URL: http://[2409:8087:1a01:df::7005]/ottrrs.hl.chinamobile.com/PLTV/88888888/224/3221226474/index.m3u8, IPv_Type: ipv6, Location: 中国, ISP: 中国移动, Date: None, Delay: -1 ms, Speed: 0.00 M/s, Resolution: None
Name: 贵州卫视, URL: http://[2409:8087:5e00:24::1e]:6060/200000001898/460000089800010100/1.m3u8, IPv_Type: ipv6, Location: 中国, ISP: 中国移动, Date: None, Delay: -1 ms, Speed: 0.00 M/s, Resolution: None
Name: 贵州卫视, URL: http://[2409:8087:8:21::18]:6610/otttv.bj.chinamobile.com/PLTV/88888888/224/3221227012/1.m3u8?GuardEncType=2&accountinfo=%7E%7EV2.0%7EnqBF03rFwPucF8ODtWxLQQ%7EtP4-l0lmSfjwLWEfK_el1vH_mv-s1zo4AQJwdedaVwG9xkuFTDg8J26cwOrNJzn20BErrHdLhuZ9EzLUCD3PMW-OMx4MGteHV2vLeW6BqoY%2CEND, IPv_Type: ipv6, Location: 中国, ISP: 中国移动, Date: None, Delay: -1 ms, Speed: 0.00 M/s, Resolution: None
Name: 贵州卫视, URL: http://[2409:8087:1a01:df::4030]:80/TVOD/88888888/224/3221225974/main.m3u8, IPv_Type: ipv6, Location: 中国, ISP: 中国移动, Date: None, Delay: -1 ms, Speed: 0.00 M/s, Resolution: None
Name: 贵州卫视, URL: http://dsj.motem.top:8880/bptv/10000100000000050000000003873471.m3u8, IPv_Type: ipv6, Location: 美国, ISP: CloudFlare Inc., Date: None, Delay: -1 ms, Speed: 0.00 M/s, Resolution: None
Name: 贵州卫视, URL: http://lu.wqwqwq.sbs/itv/5000000004000025843.m3u8?cdn=bestzb, IPv_Type: ipv6, Location: 美国, ISP: CloudFlare Inc., Date: None, Delay: -1 ms, Speed: 0.00 M/s, Resolution: None
Name: 贵州卫视, URL: https://cc06.tv12.xyz/48.m3u8, IPv_Type: ipv6, Location: 美国, ISP: CloudFlare Inc., Date: None, Delay: -1 ms, Speed: 0.00 M/s, Resolution: None
Name: 贵州卫视, URL: http://satellitepull.cnr.cn/live/wx32gzws/playlist.m3u8, IPv_Type: ipv4, Location: 美国-德克萨斯州-达拉斯, ISP: 网宿科技CDN节点, Date: None, Delay: 8 ms, Speed: 11.58 M/s, Resolution: None
Name: 海南卫视, URL: http://php.jdshipin.com/TVOD/hnyd.php?id=200000001898/460000089800010083, IPv_Type: ipv6, Location: 美国, ISP: CloudFlare Inc., Date: None, Delay: -1 ms, Speed: 0.00 M/s, Resolution: None
Name: 海南卫视, URL: http://z.b.bkpcp.top/m.php?id=hinws, IPv_Type: ipv6, Location: 美国, ISP: CloudFlare Inc., Date: None, Delay: -1 ms, Speed: 0.00 M/s, Resolution: None
Name: 海南卫视, URL: http://j.x.bkpcp.top/jx/HAINHD, IPv_Type: ipv6, Location: 美国, ISP: CloudFlare Inc., Date: None, Delay: -1 ms, Speed: 0.00 M/s, Resolution: None
Name: 海南卫视, URL: http://goo.bkpcp.top/mg/hinws, IPv_Type: ipv6, Location: 美国, ISP: CloudFlare Inc., Date: None, Delay: -1 ms, Speed: 0.00 M/s, Resolution: None
Name: 海南卫视, URL: http://[2409:8087:74f0:22::7]:6410/270000001128/9900000037/index.m3u8, IPv_Type: ipv6, Location: 中国, ISP: 中国移动, Date: None, Delay: -1 ms, Speed: 0.00 M/s, Resolution: None
Name: 海南卫视, URL: http://[2409:8087:1a01:df::7005]:80/ottrrs.hl.chinamobile.com/PLTV/88888888/224/3221226465/index.m3u8, IPv_Type: ipv6, Location: 中国, ISP: 中国移动, Date: None, Delay: -1 ms, Speed: 0.00 M/s, Resolution: None
Name: 海南卫视, URL: http://[2409:8087:1a01:df::7005]/ottrrs.hl.chinamobile.com/PLTV/88888888/224/3221226465/index.m3u8, IPv_Type: ipv6, Location: 中国, ISP: 中国移动, Date: None, Delay: -1 ms, Speed: 0.00 M/s, Resolution: None
Name: 海南卫视, URL: http://[2409:8087:8:21::18]:6610/otttv.bj.chinamobile.com/PLTV/88888888/224/3221227029/1.m3u8?GuardEncType=2&accountinfo=%7E%7EV2.0%7EEuBMjt2kLMD8fAO7QYER7Q%7EtP4-l0lmSfjwLWEfK_el1vH_mv-s1zo4AQJwdedaVwG9xkuFTDg8J26cwOrNJzn20BErrHdLhuZ9EzLUCD3PMW-OMx4MGteHV2vLeW6BqoY%2CEND, IPv_Type: ipv6, Location: 中国, ISP: 中国移动, Date: None, Delay: -1 ms, Speed: 0.00 M/s, Resolution: None
Name: 海南卫视, URL: http://[2409:8087:8:21::18]:6610/otttv.bj.chinamobile.com/PLTV/88888888/224/3221226574/1.m3u8, IPv_Type: ipv6, Location: 中国, ISP: 中国移动, Date: None, Delay: -1 ms, Speed: 0.00 M/s, Resolution: None
Name: 海南卫视, URL: http://[2409:8087:8:21::18]:6610/otttv.bj.chinamobile.com/PLTV/88888888/224/3221226922/1.m3u8, IPv_Type: ipv6, Location: 中国, ISP: 中国移动, Date: None, Delay: -1 ms, Speed: 0.00 M/s, Resolution: None
Name: 海南卫视, URL: http://dsj.motem.top:8880/bptv/10000100000000050000000004796877.m3u8, IPv_Type: ipv6, Location: 美国, ISP: CloudFlare Inc., Date: None, Delay: -1 ms, Speed: 0.00 M/s, Resolution: None
Name: 海南卫视, URL: http://live.wqwqwq.sbs/itv/5000000004000006211.m3u8?cdn=bestzb, IPv_Type: ipv6, Location: 美国, ISP: CloudFlare Inc., Date: None, Delay: -1 ms, Speed: 0.00 M/s, Resolution: None
Name: 海南卫视, URL: http://lu.wqwqwq.sbs/itv/5000000004000006211.m3u8?cdn=bestzb, IPv_Type: ipv6, Location: 美国, ISP: CloudFlare Inc., Date: None, Delay: -1 ms, Speed: 0.00 M/s, Resolution: None
Name: 海南卫视, URL: https://cc06.tv12.xyz/93.m3u8, IPv_Type: ipv6, Location: 美国, ISP: CloudFlare Inc., Date: None, Delay: -1 ms, Speed: 0.00 M/s, Resolution: None
Name: 河北卫视, URL: http://php.jdshipin.com/TVOD/hnyd.php?id=200000001898/460000089800010101, IPv_Type: ipv6, Location: 美国, ISP: CloudFlare Inc., Date: None, Delay: -1 ms, Speed: 0.00 M/s, Resolution: None
Name: 河北卫视, URL: http://z.b.bkpcp.top/m.php?id=hbws, IPv_Type: ipv6, Location: 美国, ISP: CloudFlare Inc., Date: None, Delay: -1 ms, Speed: 0.00 M/s, Resolution: None
Name: 河北卫视, URL: https://jwplay.hebyun.com.cn/live/hbwstv/1500k/tzwj_video.m3u8, IPv_Type: ipv6, Location: 中国, ISP: 中国联通, Date: None, Delay: -1 ms, Speed: 0.00 M/s, Resolution: None
Name: 河北卫视, URL: http://[2409:8087:74f0:22::7]:6410/270000001128/9900000057/index.m3u8, IPv_Type: ipv6, Location: 中国, ISP: 中国移动, Date: None, Delay: -1 ms, Speed: 0.00 M/s, Resolution: None
Name: 河北卫视, URL: http://[2409:8087:1a01:df::7005]:80/ottrrs.hl.chinamobile.com/PLTV/88888888/224/3221226406/index.m3u8, IPv_Type: ipv6, Location: 中国, ISP: 中国移动, Date: None, Delay: -1 ms, Speed: 0.00 M/s, Resolution: None
Name: 河北卫视, URL: http://[2409:8087:1a01:df::7005]/ottrrs.hl.chinamobile.com/PLTV/88888888/224/3221226406/index.m3u8, IPv_Type: ipv6, Location: 中国, ISP: 中国移动, Date: None, Delay: -1 ms, Speed: 0.00 M/s, Resolution: None
Name: 河北卫视, URL: http://[2409:8087:5e00:24::1e]:6060/200000001898/460000089800010101/1.m3u8, IPv_Type: ipv6, Location: 中国, ISP: 中国移动, Date: None, Delay: -1 ms, Speed: 0.00 M/s, Resolution: None
Name: 河北卫视, URL: http://[2409:8087:8:21::18]:6610/otttv.bj.chinamobile.com/PLTV/88888888/224/3221227014/1.m3u8?GuardEncType=2&accountinfo=%7E%7EV2.0%7ErSGjhI3DMaaAASPrbQJYTg%7EtP4-l0lmSfjwLWEfK_el1vH_mv-s1zo4AQJwdedaVwG9xkuFTDg8J26cwOrNJzn20BErrHdLhuZ9EzLUCD3PMW-OMx4MGteHV2vLeW6BqoY%2CEND, IPv_Type: ipv6, Location: 中国, ISP: 中国移动, Date: None, Delay: -1 ms, Speed: 0.00 M/s, Resolution: None
Name: 河北卫视, URL: http://dsj.motem.top:8880/bptv/10000100000000050000000003873460.m3u8, IPv_Type: ipv6, Location: 美国, ISP: CloudFlare Inc., Date: None, Delay: -1 ms, Speed: 0.00 M/s, Resolution: None
Name: 河北卫视, URL: http://[2409:8087:1a01:df::4035]:80/TVOD/88888888/224/3221225961/main.m3u8, IPv_Type: ipv6, Location: 中国, ISP: 中国移动, Date: None, Delay: -1 ms, Speed: 0.00 M/s, Resolution: None
Name: 河北卫视, URL: http://lu.wqwqwq.sbs/itv/5000000006000040016.m3u8?cdn=bestzb, IPv_Type: ipv6, Location: 美国, ISP: CloudFlare Inc., Date: None, Delay: -1 ms, Speed: 0.00 M/s, Resolution: None
Name: 河北卫视, URL: http://live.wqwqwq.sbs/itv/5000000006000040016.m3u8?cdn=bestzb, IPv_Type: ipv6, Location: 美国, ISP: CloudFlare Inc., Date: None, Delay: -1 ms, Speed: 0.00 M/s, Resolution: None
Name: 河北卫视, URL: https://cc06.tv12.xyz/51.m3u8, IPv_Type: ipv6, Location: 美国, ISP: CloudFlare Inc., Date: None, Delay: -1 ms, Speed: 0.00 M/s, Resolution: None
Name: 河南卫视, URL: http://tvpull.dxhmt.cn:9081/tv/11425-1.m3u8, IPv_Type: ipv6, Location: 加拿大, ISP: , Date: None, Delay: -1 ms, Speed: 0.00 M/s, Resolution: None
Name: 河南卫视, URL: http://php.jdshipin.com/TVOD/hljyd.php?id=3221226480, IPv_Type: ipv6, Location: 美国, ISP: CloudFlare Inc., Date: None, Delay: -1 ms, Speed: 0.00 M/s, Resolution: None
Name: 河南卫视, URL: http://z.b.bkpcp.top/m.php?id=hnws, IPv_Type: ipv6, Location: 美国, ISP: CloudFlare Inc., Date: None, Delay: -1 ms, Speed: 0.00 M/s, Resolution: None
Name: 河南卫视, URL: http://j.x.bkpcp.top/jx/HENHD, IPv_Type: ipv6, Location: 美国, ISP: CloudFlare Inc., Date: None, Delay: -1 ms, Speed: 0.00 M/s, Resolution: None
Name: 河南卫视, URL: http://goo.bkpcp.top/mg/hnws, IPv_Type: ipv6, Location: 美国, ISP: CloudFlare Inc., Date: None, Delay: -1 ms, Speed: 0.00 M/s, Resolution: None
Name: 河南卫视, URL: http://[2409:8087:74f0:22::7]:6410/270000001128/9900000027/index.m3u8, IPv_Type: ipv6, Location: 中国, ISP: 中国移动, Date: None, Delay: -1 ms, Speed: 0.00 M/s, Resolution: None
Name: 河南卫视, URL: http://[2409:8087:1a01:df::4077]/ottrrs.hl.chinamobile.com/PLTV/88888888/224/3221226480/index.m3u8, IPv_Type: ipv6, Location: 中国, ISP: 中国移动, Date: None, Delay: -1 ms, Speed: 0.00 M/s, Resolution: None
Name: 河南卫视, URL: http://[2409:8087:1a01:df::7005]:80/ottrrs.hl.chinamobile.com/PLTV/88888888/224/3221226480/index.m3u8, IPv_Type: ipv6, Location: 中国, ISP: 中国移动, Date: None, Delay: -1 ms, Speed: 0.00 M/s, Resolution: None
Name: 河南卫视, URL: http://[2409:8087:1a01:df::7005]/ottrrs.hl.chinamobile.com/PLTV/88888888/224/3221226480/index.m3u8, IPv_Type: ipv6, Location: 中国, ISP: 中国移动, Date: None, Delay: -1 ms, Speed: 0.00 M/s, Resolution: None
Name: 河南卫视, URL: http://dsj.motem.top:8880/bptv/10000100000000050000000003887270.m3u8, IPv_Type: ipv6, Location: 美国, ISP: CloudFlare Inc., Date: None, Delay: -1 ms, Speed: 0.00 M/s, Resolution: None
Name: 河南卫视, URL: https://cc06.tv12.xyz/49.m3u8, IPv_Type: ipv6, Location: 美国, ISP: CloudFlare Inc., Date: None, Delay: -1 ms, Speed: 0.00 M/s, Resolution: None
Name: 河南卫视, URL: http://satellitepull.cnr.cn/live/wxhnws/playlist.m3u8, IPv_Type: ipv4, Location: 美国-德克萨斯州-达拉斯, ISP: 网宿科技CDN节点, Date: None, Delay: 10 ms, Speed: 10.45 M/s, Resolution: None
Name: 吉林卫视, URL: http://php.jdshipin.com/TVOD/hnyd.php?id=200000001898/460000089800010075, IPv_Type: ipv6, Location: 美国, ISP: CloudFlare Inc., Date: None, Delay: -1 ms, Speed: 0.00 M/s, Resolution: None
Name: 吉林卫视, URL: http://z.b.bkpcp.top/m.php?id=jlws, IPv_Type: ipv6, Location: 美国, ISP: CloudFlare Inc., Date: None, Delay: -1 ms, Speed: 0.00 M/s, Resolution: None
Name: 吉林卫视, URL: http://j.x.bkpcp.top/jx/JILHD, IPv_Type: ipv6, Location: 美国, ISP: CloudFlare Inc., Date: None, Delay: -1 ms, Speed: 0.00 M/s, Resolution: None
Name: 吉林卫视, URL: http://goo.bkpcp.top/mg/jlws, IPv_Type: ipv6, Location: 美国, ISP: CloudFlare Inc., Date: None, Delay: -1 ms, Speed: 0.00 M/s, Resolution: None
Name: 吉林卫视, URL: http://[2409:8087:74f0:22::5]:6410/270000001128/9900000030/index.m3u8, IPv_Type: ipv6, Location: 中国, ISP: 中国移动, Date: None, Delay: -1 ms, Speed: 0.00 M/s, Resolution: None
Name: 吉林卫视, URL: http://[2409:8087:1a01:df::7005]:80/ottrrs.hl.chinamobile.com/PLTV/88888888/224/3221226397/index.m3u8, IPv_Type: ipv6, Location: 中国, ISP: 中国移动, Date: None, Delay: -1 ms, Speed: 0.00 M/s, Resolution: None
Name: 吉林卫视, URL: http://[2409:8087:1a01:df::7005]/ottrrs.hl.chinamobile.com/PLTV/88888888/224/3221226397/index.m3u8, IPv_Type: ipv6, Location: 中国, ISP: 中国移动, Date: None, Delay: -1 ms, Speed: 0.00 M/s, Resolution: None
Name: 吉林卫视, URL: http://[2409:8087:8:21::18]:6610/otttv.bj.chinamobile.com/PLTV/88888888/224/3221227015/1.m3u8?GuardEncType=2&accountinfo=%7E%7EV2.0%7EW5-3AVdwD5KlUpuA4mz7Cg%7EtP4-l0lmSfjwLWEfK_el1vH_mv-s1zo4AQJwdedaVwG9xkuFTDg8J26cwOrNJzn20BErrHdLhuZ9EzLUCD3PMW-OMx4MGteHV2vLeW6BqoY%2CEND, IPv_Type: ipv6, Location: 中国, ISP: 中国移动, Date: None, Delay: -1 ms, Speed: 0.00 M/s, Resolution: None
Name: 吉林卫视, URL: http://[2409:8087:8:21::18]:6610/otttv.bj.chinamobile.com/PLTV/88888888/224/3221226533/1.m3u8, IPv_Type: ipv6, Location: 中国, ISP: 中国移动, Date: None, Delay: -1 ms, Speed: 0.00 M/s, Resolution: None
Name: 吉林卫视, URL: http://dsj.motem.top:8880/bptv/10000100000000050000000004972569.m3u8, IPv_Type: ipv6, Location: 美国, ISP: CloudFlare Inc., Date: None, Delay: -1 ms, Speed: 0.00 M/s, Resolution: None
Name: 吉林卫视, URL: https://cc06.tv12.xyz/60.m3u8, IPv_Type: ipv6, Location: 美国, ISP: CloudFlare Inc., Date: None, Delay: -1 ms, Speed: 0.00 M/s, Resolution: None
Name: 吉林卫视, URL: http://satellitepull.cnr.cn/live/wxjlws/playlist.m3u8, IPv_Type: ipv4, Location: 美国-德克萨斯州-达拉斯, ISP: 网宿科技CDN节点, Date: None, Delay: 10 ms, Speed: 10.67 M/s, Resolution: None
Name: 江苏卫视, URL: http://php.jdshipin.com/TVOD/hnyd.php?id=200000001898/460000089800010059, IPv_Type: ipv6, Location: 美国, ISP: CloudFlare Inc., Date: None, Delay: -1 ms, Speed: 0.00 M/s, Resolution: None
Name: 江苏卫视, URL: http://z.b.bkpcp.top/m.php?id=jsws, IPv_Type: ipv6, Location: 美国, ISP: CloudFlare Inc., Date: None, Delay: -1 ms, Speed: 0.00 M/s, Resolution: None
Name: 江苏卫视, URL: http://goo.bkpcp.top/mg/jsws, IPv_Type: ipv6, Location: 美国, ISP: CloudFlare Inc., Date: None, Delay: -1 ms, Speed: 0.00 M/s, Resolution: None
Name: 江苏卫视, URL: http://[2409:8087:74f0:22::6]:6410/270000001128/9900000524/index.m3u8, IPv_Type: ipv6, Location: 中国, ISP: 中国移动, Date: None, Delay: -1 ms, Speed: 0.00 M/s, Resolution: None
Name: 江苏卫视, URL: http://[2409:8087:1a01:df::4077]/ottrrs.hl.chinamobile.com/PLTV/88888888/224/3221226310/index.m3u8, IPv_Type: ipv6, Location: 中国, ISP: 中国移动, Date: None, Delay: -1 ms, Speed: 0.00 M/s, Resolution: None
Name: 江苏卫视, URL: http://[2409:8087:1a01:df::7005]/ottrrs.hl.chinamobile.com/PLTV/88888888/224/3221226310/index.m3u8, IPv_Type: ipv6, Location: 中国, ISP: 中国移动, Date: None, Delay: -1 ms, Speed: 0.00 M/s, Resolution: None
Name: 江苏卫视, URL: http://[2409:8087:1a01:df::7005]:80/ottrrs.hl.chinamobile.com/PLTV/88888888/224/3221226310/index.m3u8, IPv_Type: ipv6, Location: 中国, ISP: 中国移动, Date: None, Delay: -1 ms, Speed: 0.00 M/s, Resolution: None
Name: 江苏卫视, URL: http://[2409:8087:5e00:24::1e]:6060/200000001898/460000089800010059/1.m3u8, IPv_Type: ipv6, Location: 中国, ISP: 中国移动, Date: None, Delay: -1 ms, Speed: 0.00 M/s, Resolution: None
Name: 江苏卫视, URL: http://dsj.motem.top:8880/bptv/10000100000000050000000003873461.m3u8, IPv_Type: ipv6, Location: 美国, ISP: CloudFlare Inc., Date: None, Delay: -1 ms, Speed: 0.00 M/s, Resolution: None
Name: 江苏卫视, URL: http://iptv.huuc.edu.cn/hls/jshd.m3u8, IPv_Type: ipv6, Location: 中国, ISP: 教育网, Date: None, Delay: -1 ms, Speed: 0.00 M/s, Resolution: None
Name: 江苏卫视, URL: http://[2409:8087:8:21::18]:6610/otttv.bj.chinamobile.com/PLTV/88888888/224/3221226242/1.m3u8, IPv_Type: ipv6, Location: 中国, ISP: 中国移动, Date: None, Delay: -1 ms, Speed: 0.00 M/s, Resolution: None
Name: 江苏卫视, URL: https://cc06.tv12.xyz/61.m3u8, IPv_Type: ipv6, Location: 美国, ISP: CloudFlare Inc., Date: None, Delay: -1 ms, Speed: 0.00 M/s, Resolution: None
Name: 江苏卫视, URL: http://[2409:8087:8:21::18]:6610/otttv.bj.chinamobile.com/PLTV/88888888/224/3221226897/1.m3u8?GuardEncType=2&accountinfo=%7E%7EV2.0%7E0BmO6uHF7WFoTed__Xr3NQ%7EtP4-l0lmSfjwLWEfK_el1vH_mv-s1zo4AQJwdedaVwG9xkuFTDg8J26cwOrNJzn20BErrHdLhuZ9EzLUCD3PMW-OMx4MGteHV2vLeW6BqoY%2CEND, IPv_Type: ipv6, Location: 中国, ISP: 中国移动, Date: None, Delay: -1 ms, Speed: 0.00 M/s, Resolution: None
Name: 江西卫视, URL: http://php.jdshipin.com/TVOD/hnyd.php?id=200000001898/460000089800010060, IPv_Type: ipv6, Location: 美国, ISP: CloudFlare Inc., Date: None, Delay: -1 ms, Speed: 0.00 M/s, Resolution: None
Name: 江西卫视, URL: http://z.b.bkpcp.top/m.php?id=jxws, IPv_Type: ipv6, Location: 美国, ISP: CloudFlare Inc., Date: None, Delay: -1 ms, Speed: 0.00 M/s, Resolution: None
Name: 江西卫视, URL: http://goo.bkpcp.top/mg/jxws, IPv_Type: ipv6, Location: 美国, ISP: CloudFlare Inc., Date: None, Delay: -1 ms, Speed: 0.00 M/s, Resolution: None
Name: 江西卫视, URL: http://[2409:8087:74f0:22::4]:6610/270000001128/9900000525/index.m3u8, IPv_Type: ipv6, Location: 中国, ISP: 中国移动, Date: None, Delay: -1 ms, Speed: 0.00 M/s, Resolution: None
Name: 江西卫视, URL: http://[2409:8087:1a01:df::4077]/ottrrs.hl.chinamobile.com/PLTV/88888888/224/3221226344/index.m3u8, IPv_Type: ipv6, Location: 中国, ISP: 中国移动, Date: None, Delay: -1 ms, Speed: 0.00 M/s, Resolution: None
Name: 江西卫视, URL: http://[2409:8087:1a01:df::7005]:80/ottrrs.hl.chinamobile.com/PLTV/88888888/224/3221226344/index.m3u8, IPv_Type: ipv6, Location: 中国, ISP: 中国移动, Date: None, Delay: -1 ms, Speed: 0.00 M/s, Resolution: None
Name: 江西卫视, URL: http://[2409:8087:1a01:df::7005]/ottrrs.hl.chinamobile.com/PLTV/88888888/224/3221226344/index.m3u8, IPv_Type: ipv6, Location: 中国, ISP: 中国移动, Date: None, Delay: -1 ms, Speed: 0.00 M/s, Resolution: None
Name: 江西卫视, URL: http://[2409:8087:5e00:24::1e]:6060/200000001898/460000089800010060/1.m3u8, IPv_Type: ipv6, Location: 中国, ISP: 中国移动, Date: None, Delay: -1 ms, Speed: 0.00 M/s, Resolution: None
Name: 江西卫视, URL: http://[2409:8087:1a01:df::4027]:80/TVOD/88888888/224/3221225935/main.m3u8, IPv_Type: ipv6, Location: 中国, ISP: 中国移动, Date: None, Delay: -1 ms, Speed: 0.00 M/s, Resolution: None
Name: 江西卫视, URL: http://dsj.motem.top:8880/bptv/10000100000000050000000004796511.m3u8, IPv_Type: ipv6, Location: 美国, ISP: CloudFlare Inc., Date: None, Delay: -1 ms, Speed: 0.00 M/s, Resolution: None
Name: 江西卫视, URL: http://iptv.huuc.edu.cn/hls/jxhd.m3u8, IPv_Type: ipv6, Location: 中国, ISP: 教育网, Date: None, Delay: -1 ms, Speed: 0.00 M/s, Resolution: None
Name: 江西卫视, URL: http://lu.wqwqwq.sbs/itv/1000000005000265032.m3u8?cdn=ystenlive, IPv_Type: ipv6, Location: 美国, ISP: CloudFlare Inc., Date: None, Delay: -1 ms, Speed: 0.00 M/s, Resolution: None
Name: 江西卫视, URL: https://migu.188766.xyz/?migutoken=ec5db662362dfc44c29d19ebabd3b6f7&id=%E6%B1%9F%E8%A5%BF%E5%8D%AB%E8%A7%86&pp=1, IPv_Type: ipv6, Location: 美国, ISP: CloudFlare Inc., Date: None, Delay: -1 ms, Speed: 0.00 M/s, Resolution: None
Name: 江西卫视, URL: http://[2409:8087:8:21::18]:6610/otttv.bj.chinamobile.com/PLTV/88888888/224/3221226533/1.m3u8, IPv_Type: ipv6, Location: 中国, ISP: 中国移动, Date: None, Delay: -1 ms, Speed: 0.00 M/s, Resolution: None
Name: 江西卫视, URL: https://cc06.tv12.xyz/62.m3u8, IPv_Type: ipv6, Location: 美国, ISP: CloudFlare Inc., Date: None, Delay: -1 ms, Speed: 0.00 M/s, Resolution: None
Name: 江西卫视, URL: http://[2409:8087:8:21::18]:6610/otttv.bj.chinamobile.com/PLTV/88888888/224/3221226956/1.m3u8?GuardEncType=2&accountinfo=%7E%7EV2.0%7Ei6ZIpVizXlewg-YfGvH8dA%7EtP4-l0lmSfjwLWEfK_el1vH_mv-s1zo4AQJwdedaVwG9xkuFTDg8J26cwOrNJzn20BErrHdLhuZ9EzLUCD3PMW-OMx4MGteHV2vLeW6BqoY%2CEND, IPv_Type: ipv6, Location: 中国, ISP: 中国移动, Date: None, Delay: -1 ms, Speed: 0.00 M/s, Resolution: None
Name: 江西卫视, URL: http://satellitepull.cnr.cn/live/wx32jiangxws/playlist.m3u8, IPv_Type: ipv4, Location: 美国-德克萨斯州-达拉斯, ISP: 网宿科技CDN节点, Date: None, Delay: 8 ms, Speed: 13.03 M/s, Resolution: None
Name: 辽宁卫视, URL: http://php.jdshipin.com/TVOD/hljyd.php?id=3221226546, IPv_Type: ipv6, Location: 美国, ISP: CloudFlare Inc., Date: None, Delay: -1 ms, Speed: 0.00 M/s, Resolution: None
Name: 辽宁卫视, URL: http://z.b.bkpcp.top/m.php?id=lnws, IPv_Type: ipv6, Location: 美国, ISP: CloudFlare Inc., Date: None, Delay: -1 ms, Speed: 0.00 M/s, Resolution: None
Name: 辽宁卫视, URL: http://j.x.bkpcp.top/jx/LIAONHD, IPv_Type: ipv6, Location: 美国, ISP: CloudFlare Inc., Date: None, Delay: -1 ms, Speed: 0.00 M/s, Resolution: None
Name: 辽宁卫视, URL: http://[2409:8087:74f0:22::7]:6410/270000001128/9900000526/index.m3u8, IPv_Type: ipv6, Location: 中国, ISP: 中国移动, Date: None, Delay: -1 ms, Speed: 0.00 M/s, Resolution: None
Name: 辽宁卫视, URL: http://[2409:8087:1a01:df::7005]/ottrrs.hl.chinamobile.com/PLTV/88888888/224/3221226546/index.m3u8, IPv_Type: ipv6, Location: 中国, ISP: 中国移动, Date: None, Delay: -1 ms, Speed: 0.00 M/s, Resolution: None
Name: 辽宁卫视, URL: http://[2409:8087:1a01:df::7005]:80/ottrrs.hl.chinamobile.com/PLTV/88888888/224/3221226546/index.m3u8, IPv_Type: ipv6, Location: 中国, ISP: 中国移动, Date: None, Delay: -1 ms, Speed: 0.00 M/s, Resolution: None
Name: 辽宁卫视, URL: http://[2409:8087:5e00:24::1e]:6060/200000001898/460000089800010061/1.m3u8, IPv_Type: ipv6, Location: 中国, ISP: 中国移动, Date: None, Delay: -1 ms, Speed: 0.00 M/s, Resolution: None
Name: 辽宁卫视, URL: http://[2409:8087:8:21::18]:6610/otttv.bj.chinamobile.com/PLTV/88888888/224/3221226966/1.m3u8?GuardEncType=2&accountinfo=%7E%7EV2.0%7E6qJH8Fd-zgCGx3P-Ce86cA%7EtP4-l0lmSfjwLWEfK_el1vH_mv-s1zo4AQJwdedaVwG9xkuFTDg8J26cwOrNJzn20BErrHdLhuZ9EzLUCD3PMW-OMx4MGteHV2vLeW6BqoY%2CEND, IPv_Type: ipv6, Location: 中国, ISP: 中国移动, Date: None, Delay: -1 ms, Speed: 0.00 M/s, Resolution: None
Name: 辽宁卫视, URL: http://[2409:8087:8:21::18]:6610/otttv.bj.chinamobile.com/PLTV/88888888/224/3221226327/1.m3u8, IPv_Type: ipv6, Location: 中国, ISP: 中国移动, Date: None, Delay: -1 ms, Speed: 0.00 M/s, Resolution: None
Name: 辽宁卫视, URL: http://[2409:8087:8:21::18]:6610/otttv.bj.chinamobile.com/PLTV/88888888/224/3221226336/1.m3u8, IPv_Type: ipv6, Location: 中国, ISP: 中国移动, Date: None, Delay: -1 ms, Speed: 0.00 M/s, Resolution: None
Name: 辽宁卫视, URL: http://[2409:8087:8:21::18]:6610/otttv.bj.chinamobile.com/PLTV/88888888/224/3221226488/1.m3u8, IPv_Type: ipv6, Location: 中国, ISP: 中国移动, Date: None, Delay: -1 ms, Speed: 0.00 M/s, Resolution: None
Name: 辽宁卫视, URL: http://dsj.motem.top:8880/bptv/10000100000000050000000003873468.m3u8, IPv_Type: ipv6, Location: 美国, ISP: CloudFlare Inc., Date: None, Delay: -1 ms, Speed: 0.00 M/s, Resolution: None
Name: 辽宁卫视, URL: http://iptv.huuc.edu.cn/hls/lnhd.m3u8, IPv_Type: ipv6, Location: 中国, ISP: 教育网, Date: None, Delay: -1 ms, Speed: 0.00 M/s, Resolution: None
Name: 辽宁卫视, URL: http://lu.wqwqwq.sbs/itv/1000000005000265022.m3u8?cdn=ystenlive, IPv_Type: ipv6, Location: 美国, ISP: CloudFlare Inc., Date: None, Delay: -1 ms, Speed: 0.00 M/s, Resolution: None
Name: 辽宁卫视, URL: https://cc06.tv12.xyz/70.m3u8, IPv_Type: ipv6, Location: 美国, ISP: CloudFlare Inc., Date: None, Delay: -1 ms, Speed: 0.00 M/s, Resolution: None
Name: 内蒙古卫视, URL: http://php.jdshipin.com/TVOD/hljyd.php?id=3221225634, IPv_Type: ipv6, Location: 美国, ISP: CloudFlare Inc., Date: None, Delay: -1 ms, Speed: 0.00 M/s, Resolution: None
Name: 内蒙古卫视, URL: http://z.b.bkpcp.top/m.php?id=nmws, IPv_Type: ipv6, Location: 美国, ISP: CloudFlare Inc., Date: None, Delay: -1 ms, Speed: 0.00 M/s, Resolution: None
Name: 内蒙古卫视, URL: http://j.x.bkpcp.top/jx/NMGWS, IPv_Type: ipv6, Location: 美国, ISP: CloudFlare Inc., Date: None, Delay: -1 ms, Speed: 0.00 M/s, Resolution: None
Name: 内蒙古卫视, URL: http://goo.bkpcp.top/mg/nmws, IPv_Type: ipv6, Location: 美国, ISP: CloudFlare Inc., Date: None, Delay: -1 ms, Speed: 0.00 M/s, Resolution: None
Name: 内蒙古卫视, URL: http://[2409:8087:1a01:df::7005]:80/ottrrs.hl.chinamobile.com/PLTV/88888888/224/3221225634/index.m3u8, IPv_Type: ipv6, Location: 中国, ISP: 中国移动, Date: None, Delay: -1 ms, Speed: 0.00 M/s, Resolution: None
Name: 内蒙古卫视, URL: http://[2409:8087:8:21::18]:6610/otttv.bj.chinamobile.com/PLTV/88888888/224/3221227018/1.m3u8?GuardEncType=2&accountinfo=%7E%7EV2.0%7ErN_hoRDwApMKnJqiNHvn9w%7EtP4-l0lmSfjwLWEfK_el1vH_mv-s1zo4AQJwdedaVwG9xkuFTDg8J26cwOrNJzn20BErrHdLhuZ9EzLUCD3PMW-OMx4MGteHV2vLeW6BqoY%2CEND, IPv_Type: ipv6, Location: 中国, ISP: 中国移动, Date: None, Delay: -1 ms, Speed: 0.00 M/s, Resolution: None
Name: 内蒙古卫视, URL: http://[2409:8087:8:21::18]:6610/otttv.bj.chinamobile.com/PLTV/88888888/224/3221226530/1.m3u8, IPv_Type: ipv6, Location: 中国, ISP: 中国移动, Date: None, Delay: -1 ms, Speed: 0.00 M/s, Resolution: None
Name: 内蒙古卫视, URL: http://dsj.motem.top:8880/bptv/10000100000000050000000003887427.m3u8, IPv_Type: ipv6, Location: 美国, ISP: CloudFlare Inc., Date: None, Delay: -1 ms, Speed: 0.00 M/s, Resolution: None
Name: 内蒙古卫视, URL: https://cc06.tv12.xyz/94.m3u8, IPv_Type: ipv6, Location: 美国, ISP: CloudFlare Inc., Date: None, Delay: -1 ms, Speed: 0.00 M/s, Resolution: None
Name: 内蒙古卫视, URL: http://satellitepull.cnr.cn/live/wx32nmgws/playlist.m3u8, IPv_Type: ipv4, Location: 美国-德克萨斯州-达拉斯, ISP: 网宿科技CDN节点, Date: None, Delay: 9 ms, Speed: 10.98 M/s, Resolution: None
Name: 宁夏卫视, URL: http://php.jdshipin.com/TVOD/hnyd.php?id=200000001898/460000089800010110, IPv_Type: ipv6, Location: 美国, ISP: CloudFlare Inc., Date: None, Delay: -1 ms, Speed: 0.00 M/s, Resolution: None
Name: 宁夏卫视, URL: http://z.b.bkpcp.top/m.php?id=nxws, IPv_Type: ipv6, Location: 美国, ISP: CloudFlare Inc., Date: None, Delay: -1 ms, Speed: 0.00 M/s, Resolution: None
Name: 宁夏卫视, URL: http://j.x.bkpcp.top/jx/NXWS, IPv_Type: ipv6, Location: 美国, ISP: CloudFlare Inc., Date: None, Delay: -1 ms, Speed: 0.00 M/s, Resolution: None
Name: 宁夏卫视, URL: http://goo.bkpcp.top/mg/nxws, IPv_Type: ipv6, Location: 美国, ISP: CloudFlare Inc., Date: None, Delay: -1 ms, Speed: 0.00 M/s, Resolution: None
Name: 宁夏卫视, URL: http://[2409:8087:1a01:df::7005]:80/ottrrs.hl.chinamobile.com/PLTV/88888888/224/3221225632/index.m3u8, IPv_Type: ipv6, Location: 中国, ISP: 中国移动, Date: None, Delay: -1 ms, Speed: 0.00 M/s, Resolution: None
Name: 宁夏卫视, URL: http://[2409:8087:8:21::18]:6610/otttv.bj.chinamobile.com/PLTV/88888888/224/3221227003/1.m3u8?GuardEncType=2&accountinfo=%7E%7EV2.0%7ESco1zinvdUYzleEkXYhIvA%7EtP4-l0lmSfjwLWEfK_el1vH_mv-s1zo4AQJwdedaVwG9xkuFTDg8J26cwOrNJzn20BErrHdLhuZ9EzLUCD3PMW-OMx4MGteHV2vLeW6BqoY%2CEND, IPv_Type: ipv6, Location: 中国, ISP: 中国移动, Date: None, Delay: -1 ms, Speed: 0.00 M/s, Resolution: None
Name: 宁夏卫视, URL: http://dsj.motem.top:8880/bptv/10000100000000050000000003887433.m3u8, IPv_Type: ipv6, Location: 美国, ISP: CloudFlare Inc., Date: None, Delay: -1 ms, Speed: 0.00 M/s, Resolution: None
Name: 宁夏卫视, URL: https://cc06.tv12.xyz/96.m3u8, IPv_Type: ipv6, Location: 美国, ISP: CloudFlare Inc., Date: None, Delay: -1 ms, Speed: 0.00 M/s, Resolution: None
Name: 青海卫视, URL: http://php.jdshipin.com/TVOD/hnyd.php?id=200000001898/460000089800010111, IPv_Type: ipv6, Location: 美国, ISP: CloudFlare Inc., Date: None, Delay: -1 ms, Speed: 0.00 M/s, Resolution: None
Name: 青海卫视, URL: http://z.b.bkpcp.top/m.php?id=qhws, IPv_Type: ipv6, Location: 美国, ISP: CloudFlare Inc., Date: None, Delay: -1 ms, Speed: 0.00 M/s, Resolution: None
Name: 青海卫视, URL: http://j.x.bkpcp.top/jx/QHWS, IPv_Type: ipv6, Location: 美国, ISP: CloudFlare Inc., Date: None, Delay: -1 ms, Speed: 0.00 M/s, Resolution: None
Name: 青海卫视, URL: http://goo.bkpcp.top/mg/qhws, IPv_Type: ipv6, Location: 美国, ISP: CloudFlare Inc., Date: None, Delay: -1 ms, Speed: 0.00 M/s, Resolution: None
Name: 青海卫视, URL: http://[2409:8087:74f0:22::5]:6410/270000001128/9900000042/index.m3u8, IPv_Type: ipv6, Location: 中国, ISP: 中国移动, Date: None, Delay: -1 ms, Speed: 0.00 M/s, Resolution: None
Name: 青海卫视, URL: http://[2409:8087:1a01:df::7005]:80/ottrrs.hl.chinamobile.com/PLTV/88888888/224/3221225628/index.m3u8, IPv_Type: ipv6, Location: 中国, ISP: 中国移动, Date: None, Delay: -1 ms, Speed: 0.00 M/s, Resolution: None
Name: 青海卫视, URL: http://[2409:8087:5e00:24::1e]:6060/200000001898/460000089800010111/1.m3u8, IPv_Type: ipv6, Location: 中国, ISP: 中国移动, Date: None, Delay: -1 ms, Speed: 0.00 M/s, Resolution: None
Name: 青海卫视, URL: http://[2409:8087:8:21::18]:6610/otttv.bj.chinamobile.com/PLTV/88888888/224/3221227017/1.m3u8?GuardEncType=2&accountinfo=%7E%7EV2.0%7EacviHy_ucMT27Ymf2iLtZA%7EtP4-l0lmSfjwLWEfK_el1vH_mv-s1zo4AQJwdedaVwG9xkuFTDg8J26cwOrNJzn20BErrHdLhuZ9EzLUCD3PMW-OMx4MGteHV2vLeW6BqoY%2CEND, IPv_Type: ipv6, Location: 中国, ISP: 中国移动, Date: None, Delay: -1 ms, Speed: 0.00 M/s, Resolution: None
Name: 青海卫视, URL: http://[2409:8087:8:21::18]:6610/otttv.bj.chinamobile.com/PLTV/88888888/224/3221226529/1.m3u8, IPv_Type: ipv6, Location: 中国, ISP: 中国移动, Date: None, Delay: -1 ms, Speed: 0.00 M/s, Resolution: None
Name: 青海卫视, URL: http://[2409:8087:8:21::18]:6610/otttv.bj.chinamobile.com/PLTV/88888888/224/3221226916/1.m3u8, IPv_Type: ipv6, Location: 中国, ISP: 中国移动, Date: None, Delay: -1 ms, Speed: 0.00 M/s, Resolution: None
Name: 青海卫视, URL: http://dsj.motem.top:8880/bptv/10000100000000050000000003887430.m3u8, IPv_Type: ipv6, Location: 美国, ISP: CloudFlare Inc., Date: None, Delay: -1 ms, Speed: 0.00 M/s, Resolution: None
Name: 青海卫视, URL: http://lu.wqwqwq.sbs/itv/1000000002000013359.m3u8?cdn=ystenlive, IPv_Type: ipv6, Location: 美国, ISP: CloudFlare Inc., Date: None, Delay: -1 ms, Speed: 0.00 M/s, Resolution: None
Name: 青海卫视, URL: https://cc06.tv12.xyz/97.m3u8, IPv_Type: ipv6, Location: 美国, ISP: CloudFlare Inc., Date: None, Delay: -1 ms, Speed: 0.00 M/s, Resolution: None
Name: 青海卫视, URL: http://satellitepull.cnr.cn/live/wx32qhws/playlist.m3u8, IPv_Type: ipv4, Location: 美国-德克萨斯州-达拉斯, ISP: 网宿科技CDN节点, Date: None, Delay: 9 ms, Speed: 10.85 M/s, Resolution: None
Name: 山东卫视, URL: http://php.jdshipin.com/TVOD/hnyd.php?id=200000001898/460000089800010066, IPv_Type: ipv6, Location: 美国, ISP: CloudFlare Inc., Date: None, Delay: -1 ms, Speed: 0.00 M/s, Resolution: None
Name: 山东卫视, URL: http://z.b.bkpcp.top/m.php?id=sdws, IPv_Type: ipv6, Location: 美国, ISP: CloudFlare Inc., Date: None, Delay: -1 ms, Speed: 0.00 M/s, Resolution: None
Name: 山东卫视, URL: http://j.x.bkpcp.top/jx/SHANDHD, IPv_Type: ipv6, Location: 美国, ISP: CloudFlare Inc., Date: None, Delay: -1 ms, Speed: 0.00 M/s, Resolution: None
Name: 山东卫视, URL: http://[2409:8087:74f0:22::5]:6410/270000001128/9900000527/index.m3u8, IPv_Type: ipv6, Location: 中国, ISP: 中国移动, Date: None, Delay: -1 ms, Speed: 0.00 M/s, Resolution: None
Name: 山东卫视, URL: http://[2409:8087:1a01:df::4077]/ottrrs.hl.chinamobile.com/PLTV/88888888/224/3221226456/index.m3u8, IPv_Type: ipv6, Location: 中国, ISP: 中国移动, Date: None, Delay: -1 ms, Speed: 0.00 M/s, Resolution: None
Name: 山东卫视, URL: http://[2409:8087:1a01:df::7005]/ottrrs.hl.chinamobile.com/PLTV/88888888/224/3221226456/index.m3u8, IPv_Type: ipv6, Location: 中国, ISP: 中国移动, Date: None, Delay: -1 ms, Speed: 0.00 M/s, Resolution: None
Name: 山东卫视, URL: http://[2409:8087:1a01:df::7005]:80/ottrrs.hl.chinamobile.com/PLTV/88888888/224/3221226456/index.m3u8, IPv_Type: ipv6, Location: 中国, ISP: 中国移动, Date: None, Delay: -1 ms, Speed: 0.00 M/s, Resolution: None
Name: 山东卫视, URL: http://[2409:8087:5e00:24::1e]:6060/200000001898/460000089800010066/1.m3u8, IPv_Type: ipv6, Location: 中国, ISP: 中国移动, Date: None, Delay: -1 ms, Speed: 0.00 M/s, Resolution: None
Name: 山东卫视, URL: http://[2409:8087:8:21::18]:6610/otttv.bj.chinamobile.com/PLTV/88888888/224/3221226957/1.m3u8?GuardEncType=2&accountinfo=%7E%7EV2.0%7EjW26v5VaHGy1jQuIA-4EbA%7EtP4-l0lmSfjwLWEfK_el1vH_mv-s1zo4AQJwdedaVwG9xkuFTDg8J26cwOrNJzn20BErrHdLhuZ9EzLUCD3PMW-OMx4MGteHV2vLeW6BqoY%2CEND, IPv_Type: ipv6, Location: 中国, ISP: 中国移动, Date: None, Delay: -1 ms, Speed: 0.00 M/s, Resolution: None
Name: 山东卫视, URL: http://[2409:8087:8:21::18]:6610/otttv.bj.chinamobile.com/PLTV/88888888/224/3221226244/1.m3u8, IPv_Type: ipv6, Location: 中国, ISP: 中国移动, Date: None, Delay: -1 ms, Speed: 0.00 M/s, Resolution: None
Name: 山东卫视, URL: http://dsj.motem.top:8880/bptv/10000100000000050000000003873467.m3u8, IPv_Type: ipv6, Location: 美国, ISP: CloudFlare Inc., Date: None, Delay: -1 ms, Speed: 0.00 M/s, Resolution: None
Name: 山东卫视, URL: http://iptv.huuc.edu.cn/hls/sdhd.m3u8, IPv_Type: ipv6, Location: 中国, ISP: 教育网, Date: None, Delay: -1 ms, Speed: 0.00 M/s, Resolution: None
Name: 山东卫视, URL: https://cc06.tv12.xyz/101.m3u8, IPv_Type: ipv6, Location: 美国, ISP: CloudFlare Inc., Date: None, Delay: -1 ms, Speed: 0.00 M/s, Resolution: None
Name: 山东卫视, URL: http://lu.wqwqwq.sbs/itv/1000000005000265019.m3u8?cdn=ystenlive, IPv_Type: ipv6, Location: 美国, ISP: CloudFlare Inc., Date: None, Delay: -1 ms, Speed: 0.00 M/s, Resolution: None
Name: 山东卫视, URL: http://satellitepull.cnr.cn/live/wxsdws/playlist.m3u8, IPv_Type: ipv4, Location: 美国-德克萨斯州-达拉斯, ISP: 网宿科技CDN节点, Date: None, Delay: 9 ms, Speed: 11.52 M/s, Resolution: None
Name: 山西卫视, URL: http://php.jdshipin.com/TVOD/hnyd.php?id=200000001898/460000089800010114, IPv_Type: ipv6, Location: 美国, ISP: CloudFlare Inc., Date: None, Delay: -1 ms, Speed: 0.00 M/s, Resolution: None
Name: 山西卫视, URL: http://j.x.bkpcp.top/jx/SXWS, IPv_Type: ipv6, Location: 美国, ISP: CloudFlare Inc., Date: None, Delay: -1 ms, Speed: 0.00 M/s, Resolution: None
Name: 山西卫视, URL: http://[2409:8087:1a01:df::7005]:80/ottrrs.hl.chinamobile.com/PLTV/88888888/224/3221225624/index.m3u8, IPv_Type: ipv6, Location: 中国, ISP: 中国移动, Date: None, Delay: -1 ms, Speed: 0.00 M/s, Resolution: None
Name: 山西卫视, URL: http://[2409:8087:8:21::18]:6610/otttv.bj.chinamobile.com/PLTV/88888888/224/3221227016/1.m3u8?GuardEncType=2&accountinfo=%7E%7EV2.0%7ESb5Qr3NTpE2ZugIroKoyTw%7EtP4-l0lmSfjwLWEfK_el1vH_mv-s1zo4AQJwdedaVwG9xkuFTDg8J26cwOrNJzn20BErrHdLhuZ9EzLUCD3PMW-OMx4MGteHV2vLeW6BqoY%2CEND, IPv_Type: ipv6, Location: 中国, ISP: 中国移动, Date: None, Delay: -1 ms, Speed: 0.00 M/s, Resolution: None
Name: 山西卫视, URL: http://[2409:8087:8:21::18]:6610/otttv.bj.chinamobile.com/PLTV/88888888/224/3221226531/1.m3u8, IPv_Type: ipv6, Location: 中国, ISP: 中国移动, Date: None, Delay: -1 ms, Speed: 0.00 M/s, Resolution: None
Name: 山西卫视, URL: http://[2409:8087:8:21::18]:6610/otttv.bj.chinamobile.com/PLTV/88888888/224/3221226920/1.m3u8, IPv_Type: ipv6, Location: 中国, ISP: 中国移动, Date: None, Delay: -1 ms, Speed: 0.00 M/s, Resolution: None
Name: 山西卫视, URL: http://dsj.motem.top:8880/bptv/10000100000000050000000003887413.m3u8, IPv_Type: ipv6, Location: 美国, ISP: CloudFlare Inc., Date: None, Delay: -1 ms, Speed: 0.00 M/s, Resolution: None
Name: 山西卫视, URL: http://m3u8.channel.wsrtv.com.cn/cms/videos/nmip-media/channellive/channel7/playlist.m3u8, IPv_Type: ipv6, Location: 中国, ISP: 中国电信, Date: None, Delay: -1 ms, Speed: 0.00 M/s, Resolution: None
Name: 山西卫视, URL: https://cc06.tv12.xyz/107.m3u8, IPv_Type: ipv6, Location: 美国, ISP: CloudFlare Inc., Date: None, Delay: -1 ms, Speed: 0.00 M/s, Resolution: None
Name: 山西卫视, URL: http://38.75.136.137:98/gslb/dsdqpub/sxwshd.m3u8?auth=testpub, IPv_Type: ipv4, Location: 美国-哥伦比亚特区-哥伦比亚特区, ISP: Cogent, Date: None, Delay: 152 ms, Speed: 13.34 M/s, Resolution: 1920x1080
Name: 陕西卫视, URL: http://php.jdshipin.com/TVOD/hnyd.php?id=200000001898/460000089800010113, IPv_Type: ipv6, Location: 美国, ISP: CloudFlare Inc., Date: None, Delay: -1 ms, Speed: 0.00 M/s, Resolution: None
Name: 陕西卫视, URL: http://z.b.bkpcp.top/m.php?id=sxws, IPv_Type: ipv6, Location: 美国, ISP: CloudFlare Inc., Date: None, Delay: -1 ms, Speed: 0.00 M/s, Resolution: None
Name: 陕西卫视, URL: http://gat.bkpcp.top/ymg.php?id=sxws, IPv_Type: ipv6, Location: 美国, ISP: CloudFlare Inc., Date: None, Delay: -1 ms, Speed: 0.00 M/s, Resolution: None
Name: 陕西卫视, URL: http://goo.bkpcp.top/mg/sxws, IPv_Type: ipv6, Location: 美国, ISP: CloudFlare Inc., Date: None, Delay: -1 ms, Speed: 0.00 M/s, Resolution: None
Name: 陕西卫视, URL: http://hlsbkmgsplive.miguvideo.com/migu/kailu/shan3xiws/57/20220809/index.m3u8, IPv_Type: ipv6, Location: 中国, ISP: 中国移动, Date: None, Delay: -1 ms, Speed: 0.00 M/s, Resolution: None
Name: 陕西卫视, URL: http://[2409:8087:1a01:df::7005]:80/ottrrs.hl.chinamobile.com/PLTV/88888888/224/3221225625/index.m3u8, IPv_Type: ipv6, Location: 中国, ISP: 中国移动, Date: None, Delay: -1 ms, Speed: 0.00 M/s, Resolution: None
Name: 陕西卫视, URL: http://[2409:8087:8:21::18]:6610/otttv.bj.chinamobile.com/PLTV/88888888/224/3221226999/1.m3u8?GuardEncType=2&accountinfo=%7E%7EV2.0%7EsGLKaSqf0wDZMbAjeQtfyw%7EtP4-l0lmSfjwLWEfK_el1vH_mv-s1zo4AQJwdedaVwG9xkuFTDg8J26cwOrNJzn20BErrHdLhuZ9EzLUCD3PMW-OMx4MGteHV2vLeW6BqoY%2CEND, IPv_Type: ipv6, Location: 中国, ISP: 中国移动, Date: None, Delay: -1 ms, Speed: 0.00 M/s, Resolution: None
Name: 陕西卫视, URL: http://[2409:8087:8:21::18]:6610/otttv.bj.chinamobile.com/PLTV/88888888/224/3221226532/1.m3u8, IPv_Type: ipv6, Location: 中国, ISP: 中国移动, Date: None, Delay: -1 ms, Speed: 0.00 M/s, Resolution: None
Name: 陕西卫视, URL: http://[2409:8087:8:21::18]:6610/otttv.bj.chinamobile.com/PLTV/88888888/224/3221226926/1.m3u8, IPv_Type: ipv6, Location: 中国, ISP: 中国移动, Date: None, Delay: -1 ms, Speed: 0.00 M/s, Resolution: None
Name: 陕西卫视, URL: http://dsj.motem.top:8880/bptv/10000100000000050000000003887404.m3u8, IPv_Type: ipv6, Location: 美国, ISP: CloudFlare Inc., Date: None, Delay: -1 ms, Speed: 0.00 M/s, Resolution: None
Name: 陕西卫视, URL: http://hlsbkmgsplive.miguvideo.com/migu/kailu/shan3xiws/57/20220809/index.m3u8?msisdn=&mtv_session=&HlsSubType=1&HlsProfileId=1&nphaid=0&encrypt=, IPv_Type: ipv6, Location: 中国, ISP: 中国移动, Date: None, Delay: -1 ms, Speed: 0.00 M/s, Resolution: None
Name: 陕西卫视, URL: https://migu.188766.xyz/?migutoken=6c1651f4bfb19ef3318df9940f5030f0&id=%E9%99%95%E8%A5%BF%E5%8D%AB%E8%A7%86&pp=1, IPv_Type: ipv6, Location: 美国, ISP: CloudFlare Inc., Date: None, Delay: -1 ms, Speed: 0.00 M/s, Resolution: None
Name: 陕西卫视, URL: https://migu.188766.xyz/?migutoken=10c796b9a6319d64719c78ea4d04cffa&id=%E9%99%95%E8%A5%BF%E5%8D%AB%E8%A7%86&pp=1, IPv_Type: ipv6, Location: 美国, ISP: CloudFlare Inc., Date: None, Delay: -1 ms, Speed: 0.00 M/s, Resolution: None
Name: 陕西卫视, URL: https://cc06.tv12.xyz/106.m3u8, IPv_Type: ipv6, Location: 美国, ISP: CloudFlare Inc., Date: None, Delay: -1 ms, Speed: 0.00 M/s, Resolution: None
Name: 陕西卫视, URL: http://107.150.60.122/live/snwshd.m3u8, IPv_Type: ipv4, Location: 美国-密苏里州-杰克逊县, ISP: NOCIX数据中心, Date: None, Delay: 312 ms, Speed: 17.25 M/s, Resolution: 1920x1080
Name: 四川卫视, URL: http://php.jdshipin.com/TVOD/hljyd.php?id=3221226338, IPv_Type: ipv6, Location: 美国, ISP: CloudFlare Inc., Date: None, Delay: -1 ms, Speed: 0.00 M/s, Resolution: None
Name: 四川卫视, URL: http://z.b.bkpcp.top/m.php?id=scws, IPv_Type: ipv6, Location: 美国, ISP: CloudFlare Inc., Date: None, Delay: -1 ms, Speed: 0.00 M/s, Resolution: None
Name: 四川卫视, URL: http://j.x.bkpcp.top/jx/SICHD, IPv_Type: ipv6, Location: 美国, ISP: CloudFlare Inc., Date: None, Delay: -1 ms, Speed: 0.00 M/s, Resolution: None
Name: 四川卫视, URL: http://[2409:8087:74f0:22::6]:6410/270000001128/9900000025/index.m3u8, IPv_Type: ipv6, Location: 中国, ISP: 中国移动, Date: None, Delay: -1 ms, Speed: 0.00 M/s, Resolution: None
Name: 四川卫视, URL: http://[2409:8087:1a01:df::4077]/ottrrs.hl.chinamobile.com/PLTV/88888888/224/3221226338/index.m3u8, IPv_Type: ipv6, Location: 中国, ISP: 中国移动, Date: None, Delay: -1 ms, Speed: 0.00 M/s, Resolution: None
Name: 四川卫视, URL: http://[2409:8087:1a01:df::7005]:80/ottrrs.hl.chinamobile.com/PLTV/88888888/224/3221226338/index.m3u8, IPv_Type: ipv6, Location: 中国, ISP: 中国移动, Date: None, Delay: -1 ms, Speed: 0.00 M/s, Resolution: None
Name: 四川卫视, URL: http://[2409:8087:1a01:df::7005]/ottrrs.hl.chinamobile.com/PLTV/88888888/224/3221226338/index.m3u8, IPv_Type: ipv6, Location: 中国, ISP: 中国移动, Date: None, Delay: -1 ms, Speed: 0.00 M/s, Resolution: None
Name: 四川卫视, URL: http://[2409:8087:5e00:24::1e]:6060/200000001898/460000089800010115/1.m3u8, IPv_Type: ipv6, Location: 中国, ISP: 中国移动, Date: None, Delay: -1 ms, Speed: 0.00 M/s, Resolution: None
Name: 四川卫视, URL: http://[2409:8087:8:21::18]:6610/otttv.bj.chinamobile.com/PLTV/88888888/224/3221226995/1.m3u8?GuardEncType=2&accountinfo=%7E%7EV2.0%7EBQiz3wrGrpG0CUSRIJ-7Jg%7EtP4-l0lmSfjwLWEfK_el1vH_mv-s1zo4AQJwdedaVwG9xkuFTDg8J26cwOrNJzn20BErrHdLhuZ9EzLUCD3PMW-OMx4MGteHV2vLeW6BqoY%2CEND, IPv_Type: ipv6, Location: 中国, ISP: 中国移动, Date: None, Delay: -1 ms, Speed: 0.00 M/s, Resolution: None
Name: 四川卫视, URL: http://[2409:8087:8:21::18]:6610/otttv.bj.chinamobile.com/PLTV/88888888/224/3221226523/1.m3u8, IPv_Type: ipv6, Location: 中国, ISP: 中国移动, Date: None, Delay: -1 ms, Speed: 0.00 M/s, Resolution: None
Name: 四川卫视, URL: http://dsj.motem.top:8880/bptv/10000100000000050000000003887274.m3u8, IPv_Type: ipv6, Location: 美国, ISP: CloudFlare Inc., Date: None, Delay: -1 ms, Speed: 0.00 M/s, Resolution: None
Name: 四川卫视, URL: http://iptv.huuc.edu.cn/hls/schd.m3u8, IPv_Type: ipv6, Location: 中国, ISP: 教育网, Date: None, Delay: -1 ms, Speed: 0.00 M/s, Resolution: None
Name: 四川卫视, URL: http://live.wqwqwq.sbs/itv/5000000004000006119.m3u8?cdn=bestzb, IPv_Type: ipv6, Location: 美国, ISP: CloudFlare Inc., Date: None, Delay: -1 ms, Speed: 0.00 M/s, Resolution: None
Name: 四川卫视, URL: https://cc06.tv12.xyz/99.m3u8, IPv_Type: ipv6, Location: 美国, ISP: CloudFlare Inc., Date: None, Delay: -1 ms, Speed: 0.00 M/s, Resolution: None
Name: 深圳卫视, URL: http://php.jdshipin.com/TVOD/hnyd.php?id=200000001898/460000089800010068, IPv_Type: ipv6, Location: 美国, ISP: CloudFlare Inc., Date: None, Delay: -1 ms, Speed: 0.00 M/s, Resolution: None
Name: 深圳卫视, URL: http://[2409:8087:74f0:22::5]:6410/270000001128/9900000529/index.m3u8, IPv_Type: ipv6, Location: 中国, ISP: 中国移动, Date: None, Delay: -1 ms, Speed: 0.00 M/s, Resolution: None
Name: 深圳卫视, URL: http://[2409:8087:1a01:df::4077]/ottrrs.hl.chinamobile.com/PLTV/88888888/224/3221226313/index.m3u8, IPv_Type: ipv6, Location: 中国, ISP: 中国移动, Date: None, Delay: -1 ms, Speed: 0.00 M/s, Resolution: None
Name: 深圳卫视, URL: http://[2409:8087:1a01:df::7005]/ottrrs.hl.chinamobile.com/PLTV/88888888/224/3221226313/index.m3u8, IPv_Type: ipv6, Location: 中国, ISP: 中国移动, Date: None, Delay: -1 ms, Speed: 0.00 M/s, Resolution: None
Name: 深圳卫视, URL: http://[2409:8087:1a01:df::7005]:80/ottrrs.hl.chinamobile.com/PLTV/88888888/224/3221226313/index.m3u8, IPv_Type: ipv6, Location: 中国, ISP: 中国移动, Date: None, Delay: -1 ms, Speed: 0.00 M/s, Resolution: None
Name: 深圳卫视, URL: http://[2409:8087:5e00:24::1e]:6060/200000001898/460000089800010068/1.m3u8, IPv_Type: ipv6, Location: 中国, ISP: 中国移动, Date: None, Delay: -1 ms, Speed: 0.00 M/s, Resolution: None
Name: 深圳卫视, URL: http://[2409:8087:8:21::18]:6610/otttv.bj.chinamobile.com/PLTV/88888888/224/3221226959/1.m3u8?GuardEncType=2&accountinfo=%7E%7EV2.0%7EGrVNEZREjuNVKiTJo2mtwg%7EtP4-l0lmSfjwLWEfK_el1vH_mv-s1zo4AQJwdedaVwG9xkuFTDg8J26cwOrNJzn20BErrHdLhuZ9EzLUCD3PMW-OMx4MGteHV2vLeW6BqoY%2CEND, IPv_Type: ipv6, Location: 中国, ISP: 中国移动, Date: None, Delay: -1 ms, Speed: 0.00 M/s, Resolution: None
Name: 深圳卫视, URL: http://dsj.motem.top:8880/bptv/10000100000000050000000003873474.m3u8, IPv_Type: ipv6, Location: 美国, ISP: CloudFlare Inc., Date: None, Delay: -1 ms, Speed: 0.00 M/s, Resolution: None
Name: 深圳卫视, URL: http://iptv.huuc.edu.cn/hls/szhd.m3u8, IPv_Type: ipv6, Location: 中国, ISP: 教育网, Date: None, Delay: -1 ms, Speed: 0.00 M/s, Resolution: None
Name: 深圳卫视, URL: https://cc06.tv12.xyz/108.m3u8, IPv_Type: ipv6, Location: 美国, ISP: CloudFlare Inc., Date: None, Delay: -1 ms, Speed: 0.00 M/s, Resolution: None
Name: 深圳卫视, URL: http://satellitepull.cnr.cn/live/wxszws/playlist.m3u8, IPv_Type: ipv4, Location: 美国-德克萨斯州-达拉斯, ISP: 网宿科技CDN节点, Date: None, Delay: 10 ms, Speed: 11.28 M/s, Resolution: None
Name: 三沙卫视, URL: http://[2409:8087:5e00:24::1e]:6060/000000001000/4600001000000000117/1.m3u8, IPv_Type: ipv6, Location: 中国, ISP: 中国移动, Date: None, Delay: -1 ms, Speed: 0.00 M/s, Resolution: None
Name: 三沙卫视, URL: http://[2409:8087:8:21::18]:6610/otttv.bj.chinamobile.com/PLTV/88888888/224/3221226544/1.m3u8, IPv_Type: ipv6, Location: 中国, ISP: 中国移动, Date: None, Delay: -1 ms, Speed: 0.00 M/s, Resolution: None
Name: 三沙卫视, URL: http://dsj.motem.top:8880/bptv/10000100000000050000000003887452.m3u8, IPv_Type: ipv6, Location: 美国, ISP: CloudFlare Inc., Date: None, Delay: -1 ms, Speed: 0.00 M/s, Resolution: None
Name: 天津卫视, URL: http://php.jdshipin.com/TVOD/hljyd.php?id=3221226459, IPv_Type: ipv6, Location: 美国, ISP: CloudFlare Inc., Date: None, Delay: -1 ms, Speed: 0.00 M/s, Resolution: None
Name: 天津卫视, URL: http://j.x.bkpcp.top/jx/TIANJHD, IPv_Type: ipv6, Location: 美国, ISP: CloudFlare Inc., Date: None, Delay: -1 ms, Speed: 0.00 M/s, Resolution: None
Name: 天津卫视, URL: http://[2409:8087:74f0:22::6]:6410/270000001128/9900000530/index.m3u8, IPv_Type: ipv6, Location: 中国, ISP: 中国移动, Date: None, Delay: -1 ms, Speed: 0.00 M/s, Resolution: None
Name: 天津卫视, URL: http://[2409:8087:1a01:df::4077]/ottrrs.hl.chinamobile.com/PLTV/88888888/224/3221226459/index.m3u8, IPv_Type: ipv6, Location: 中国, ISP: 中国移动, Date: None, Delay: -1 ms, Speed: 0.00 M/s, Resolution: None
Name: 天津卫视, URL: http://[2409:8087:1a01:df::7005]/ottrrs.hl.chinamobile.com/PLTV/88888888/224/3221226459/index.m3u8, IPv_Type: ipv6, Location: 中国, ISP: 中国移动, Date: None, Delay: -1 ms, Speed: 0.00 M/s, Resolution: None
Name: 天津卫视, URL: http://[2409:8087:1a01:df::7005]:80/ottrrs.hl.chinamobile.com/PLTV/88888888/224/3221226459/index.m3u8, IPv_Type: ipv6, Location: 中国, ISP: 中国移动, Date: None, Delay: -1 ms, Speed: 0.00 M/s, Resolution: None
Name: 天津卫视, URL: http://[2409:8087:5e00:24::1e]:6060/200000001898/460000089800010069/1.m3u8, IPv_Type: ipv6, Location: 中国, ISP: 中国移动, Date: None, Delay: -1 ms, Speed: 0.00 M/s, Resolution: None
Name: 天津卫视, URL: http://[2409:8087:8:21::18]:6610/otttv.bj.chinamobile.com/PLTV/88888888/224/3221226954/1.m3u8?GuardEncType=2&accountinfo=%7E%7EV2.0%7Eaf3wyULP1h575eM_4ByMDg%7EtP4-l0lmSfjwLWEfK_el1vH_mv-s1zo4AQJwdedaVwG9xkuFTDg8J26cwOrNJzn20BErrHdLhuZ9EzLUCD3PMW-OMx4MGteHV2vLeW6BqoY%2CEND, IPv_Type: ipv6, Location: 中国, ISP: 中国移动, Date: None, Delay: -1 ms, Speed: 0.00 M/s, Resolution: None
Name: 天津卫视, URL: http://[2409:8087:1a01:df::4030]:80/TVOD/88888888/224/3221225972/main.m3u8, IPv_Type: ipv6, Location: 中国, ISP: 中国移动, Date: None, Delay: -1 ms, Speed: 0.00 M/s, Resolution: None
Name: 天津卫视, URL: http://[2409:8087:8:21::18]:6610/otttv.bj.chinamobile.com/PLTV/88888888/224/3221226246/1.m3u8, IPv_Type: ipv6, Location: 中国, ISP: 中国移动, Date: None, Delay: -1 ms, Speed: 0.00 M/s, Resolution: None
Name: 天津卫视, URL: http://[2409:8087:8:21::18]:6610/otttv.bj.chinamobile.com/PLTV/88888888/224/3221226489/1.m3u8, IPv_Type: ipv6, Location: 中国, ISP: 中国移动, Date: None, Delay: -1 ms, Speed: 0.00 M/s, Resolution: None
Name: 天津卫视, URL: http://[2409:8087:8:21::18]:6610/otttv.bj.chinamobile.com/PLTV/88888888/224/3221226502/1.m3u8, IPv_Type: ipv6, Location: 中国, ISP: 中国移动, Date: None, Delay: -1 ms, Speed: 0.00 M/s, Resolution: None
Name: 天津卫视, URL: http://dsj.motem.top:8880/bptv/10000100000000050000000003873466.m3u8, IPv_Type: ipv6, Location: 美国, ISP: CloudFlare Inc., Date: None, Delay: -1 ms, Speed: 0.00 M/s, Resolution: None
Name: 天津卫视, URL: http://live.wqwqwq.sbs/itv/5000000004000006827.m3u8?cdn=bestzb, IPv_Type: ipv6, Location: 美国, ISP: CloudFlare Inc., Date: None, Delay: -1 ms, Speed: 0.00 M/s, Resolution: None
Name: 天津卫视, URL: http://lu.wqwqwq.sbs/itv/1000000005000265026.m3u8?cdn=ystenlive, IPv_Type: ipv6, Location: 美国, ISP: CloudFlare Inc., Date: None, Delay: -1 ms, Speed: 0.00 M/s, Resolution: None
Name: 西藏卫视, URL: http://www.lysvc.cc/daili/xztv.php?id=0, IPv_Type: ipv6, Location: 美国, ISP: CloudFlare Inc., Date: None, Delay: -1 ms, Speed: 0.00 M/s, Resolution: None
Name: 西藏卫视, URL: http://php.jdshipin.com/TVOD/hljyd.php?id=3221225638, IPv_Type: ipv6, Location: 美国, ISP: CloudFlare Inc., Date: None, Delay: -1 ms, Speed: 0.00 M/s, Resolution: None
Name: 西藏卫视, URL: http://z.b.bkpcp.top/m.php?id=xzws, IPv_Type: ipv6, Location: 美国, ISP: CloudFlare Inc., Date: None, Delay: -1 ms, Speed: 0.00 M/s, Resolution: None
Name: 西藏卫视, URL: http://goo.bkpcp.top/mg/xzws, IPv_Type: ipv6, Location: 美国, ISP: CloudFlare Inc., Date: None, Delay: -1 ms, Speed: 0.00 M/s, Resolution: None
Name: 西藏卫视, URL: http://[2409:8087:8:21::18]:6610/otttv.bj.chinamobile.com/PLTV/88888888/224/3221227033/1.m3u8?GuardEncType=2&accountinfo=%7E%7EV2.0%7EdeTB7OZ9G_VNJk5C3t96fQ%7EtP4-l0lmSfjwLWEfK_el1vH_mv-s1zo4AQJwdedaVwG9xkuFTDg8J26cwOrNJzn20BErrHdLhuZ9EzLUCD3PMW-OMx4MGteHV2vLeW6BqoY%2CEND, IPv_Type: ipv6, Location: 中国, ISP: 中国移动, Date: None, Delay: -1 ms, Speed: 0.00 M/s, Resolution: None
Name: 西藏卫视, URL: http://[2409:8087:8:21::18]:6610/otttv.bj.chinamobile.com/PLTV/88888888/224/3221226527/1.m3u8, IPv_Type: ipv6, Location: 中国, ISP: 中国移动, Date: None, Delay: -1 ms, Speed: 0.00 M/s, Resolution: None
Name: 西藏卫视, URL: http://dsj.motem.top:8880/bptv/10000100000000050000000003887434.m3u8, IPv_Type: ipv6, Location: 美国, ISP: CloudFlare Inc., Date: None, Delay: -1 ms, Speed: 0.00 M/s, Resolution: None
Name: 西藏卫视, URL: https://cc06.tv12.xyz/112.m3u8, IPv_Type: ipv6, Location: 美国, ISP: CloudFlare Inc., Date: None, Delay: -1 ms, Speed: 0.00 M/s, Resolution: None
Name: 新疆卫视, URL: http://php.jdshipin.com/TVOD/hljyd.php?id=3221225635, IPv_Type: ipv6, Location: 美国, ISP: CloudFlare Inc., Date: None, Delay: -1 ms, Speed: 0.00 M/s, Resolution: None
Name: 新疆卫视, URL: http://z.b.bkpcp.top/m.php?id=xjws, IPv_Type: ipv6, Location: 美国, ISP: CloudFlare Inc., Date: None, Delay: -1 ms, Speed: 0.00 M/s, Resolution: None
Name: 新疆卫视, URL: http://j.x.bkpcp.top/jx/XJWS, IPv_Type: ipv6, Location: 美国, ISP: CloudFlare Inc., Date: None, Delay: -1 ms, Speed: 0.00 M/s, Resolution: None
Name: 新疆卫视, URL: http://[2409:8087:1a01:df::7005]:80/ottrrs.hl.chinamobile.com/PLTV/88888888/224/3221225635/index.m3u8, IPv_Type: ipv6, Location: 中国, ISP: 中国移动, Date: None, Delay: -1 ms, Speed: 0.00 M/s, Resolution: None
Name: 新疆卫视, URL: http://[2409:8087:8:21::18]:6610/otttv.bj.chinamobile.com/PLTV/88888888/224/3221227011/1.m3u8?GuardEncType=2&accountinfo=%7E%7EV2.0%7ExAUu61iVvo_xYbANWJhgXw%7EtP4-l0lmSfjwLWEfK_el1vH_mv-s1zo4AQJwdedaVwG9xkuFTDg8J26cwOrNJzn20BErrHdLhuZ9EzLUCD3PMW-OMx4MGteHV2vLeW6BqoY%2CEND, IPv_Type: ipv6, Location: 中国, ISP: 中国移动, Date: None, Delay: -1 ms, Speed: 0.00 M/s, Resolution: None
Name: 新疆卫视, URL: http://[2409:8087:8:21::18]:6610/otttv.bj.chinamobile.com/PLTV/88888888/224/3221226546/1.m3u8, IPv_Type: ipv6, Location: 中国, ISP: 中国移动, Date: None, Delay: -1 ms, Speed: 0.00 M/s, Resolution: None
Name: 新疆卫视, URL: http://[2409:8087:8:21::18]:6610/otttv.bj.chinamobile.com/PLTV/88888888/224/3221226923/1.m3u8, IPv_Type: ipv6, Location: 中国, ISP: 中国移动, Date: None, Delay: -1 ms, Speed: 0.00 M/s, Resolution: None
Name: 新疆卫视, URL: http://dsj.motem.top:8880/bptv/10000100000000050000000003887448.m3u8, IPv_Type: ipv6, Location: 美国, ISP: CloudFlare Inc., Date: None, Delay: -1 ms, Speed: 0.00 M/s, Resolution: None
Name: 新疆卫视, URL: https://cc06.tv12.xyz/109.m3u8, IPv_Type: ipv6, Location: 美国, ISP: CloudFlare Inc., Date: None, Delay: -1 ms, Speed: 0.00 M/s, Resolution: None
Name: 云南卫视, URL: http://php.jdshipin.com/TVOD/hljyd.php?id=3221226444, IPv_Type: ipv6, Location: 美国, ISP: CloudFlare Inc., Date: None, Delay: -1 ms, Speed: 0.00 M/s, Resolution: None
Name: 云南卫视, URL: http://z.b.bkpcp.top/m.php?id=ynws, IPv_Type: ipv6, Location: 美国, ISP: CloudFlare Inc., Date: None, Delay: -1 ms, Speed: 0.00 M/s, Resolution: None
Name: 云南卫视, URL: http://goo.bkpcp.top/mg/ynws, IPv_Type: ipv6, Location: 美国, ISP: CloudFlare Inc., Date: None, Delay: -1 ms, Speed: 0.00 M/s, Resolution: None
Name: 云南卫视, URL: http://[2409:8087:74f0:22::7]:6410/270000001128/9900000035/index.m3u8, IPv_Type: ipv6, Location: 中国, ISP: 中国移动, Date: None, Delay: -1 ms, Speed: 0.00 M/s, Resolution: None
Name: 云南卫视, URL: http://[2409:8087:1a01:df::7005]:80/ottrrs.hl.chinamobile.com/PLTV/88888888/224/3221226444/index.m3u8, IPv_Type: ipv6, Location: 中国, ISP: 中国移动, Date: None, Delay: -1 ms, Speed: 0.00 M/s, Resolution: None
Name: 云南卫视, URL: http://[2409:8087:5e00:24::1e]:6060/200000001898/460000089800010119/1.m3u8, IPv_Type: ipv6, Location: 中国, ISP: 中国移动, Date: None, Delay: -1 ms, Speed: 0.00 M/s, Resolution: None
Name: 云南卫视, URL: http://[2409:8087:8:21::18]:6610/otttv.bj.chinamobile.com/PLTV/88888888/224/3221227028/1.m3u8?GuardEncType=2&accountinfo=%7E%7EV2.0%7EGfQPqRNVeBjTMsZ48qu0SA%7EtP4-l0lmSfjwLWEfK_el1vH_mv-s1zo4AQJwdedaVwG9xkuFTDg8J26cwOrNJzn20BErrHdLhuZ9EzLUCD3PMW-OMx4MGteHV2vLeW6BqoY%2CEND, IPv_Type: ipv6, Location: 中国, ISP: 中国移动, Date: None, Delay: -1 ms, Speed: 0.00 M/s, Resolution: None
Name: 云南卫视, URL: http://[2409:8087:8:21::18]:6610/otttv.bj.chinamobile.com/PLTV/88888888/224/3221226543/1.m3u8, IPv_Type: ipv6, Location: 中国, ISP: 中国移动, Date: None, Delay: -1 ms, Speed: 0.00 M/s, Resolution: None
Name: 云南卫视, URL: http://[2409:8087:8:21::18]:6610/otttv.bj.chinamobile.com/PLTV/88888888/224/3221226928/1.m3u8, IPv_Type: ipv6, Location: 中国, ISP: 中国移动, Date: None, Delay: -1 ms, Speed: 0.00 M/s, Resolution: None
Name: 云南卫视, URL: http://dsj.motem.top:8880/bptv/10000100000000050000000003887453.m3u8, IPv_Type: ipv6, Location: 美国, ISP: CloudFlare Inc., Date: None, Delay: -1 ms, Speed: 0.00 M/s, Resolution: None
Name: 云南卫视, URL: https://cc06.tv12.xyz/114.m3u8, IPv_Type: ipv6, Location: 美国, ISP: CloudFlare Inc., Date: None, Delay: -1 ms, Speed: 0.00 M/s, Resolution: None
Name: 云南卫视, URL: http://satellitepull.cnr.cn/live/wxynws/playlist.m3u8, IPv_Type: ipv4, Location: 美国-德克萨斯州-达拉斯, ISP: 网宿科技CDN节点, Date: None, Delay: 10 ms, Speed: 10.31 M/s, Resolution: None
Name: 浙江生活, URL: http://ls.qingting.fm/live/1099.m3u8, IPv_Type: ipv6, Location: 美国, ISP: , Date: None, Delay: -1 ms, Speed: 0.00 M/s, Resolution: None
Name: 浙江生活, URL: http://ali-vl.cztv.com/channels/lantian/channel003/360p.m3u8, IPv_Type: ipv6, Location: 中国, ISP: 中国移动, Date: None, Delay: -1 ms, Speed: 0.00 M/s, Resolution: None
Name: 浙江经济生活, URL: http://ali-vl.cztv.com/channels/lantian/channel003/360p.m3u8, IPv_Type: ipv6, Location: 中国, ISP: 中国电信, Date: None, Delay: -1 ms, Speed: 0.00 M/s, Resolution: None
Name: 浙江经济生活, URL: http://ls.qingting.fm/live/1099.m3u8, IPv_Type: ipv6, Location: 美国, ISP: , Date: None, Delay: -1 ms, Speed: 0.00 M/s, Resolution: None
Name: 浙江民生, URL: http://ali-m-l.cztv.com/channels/lantian/channel06/1080p.m3u8, IPv_Type: ipv4, Location: 中国-上海-上海, ISP: 电信, Date: None, Delay: 1730 ms, Speed: 1.36 M/s, Resolution: 1920x1080
Name: 浙江民生, URL: http://ali-m-l.cztv.com/channels/lantian/channel006/1080p.m3u8, IPv_Type: ipv4, Location: 中国-陕西, ISP: 移动, Date: None, Delay: 1591 ms, Speed: 1.21 M/s, Resolution: 1920x1080
Name: 浙江民生, URL: https://ali-m-l.cztv.com/channels/lantian/channel006/1080p.m3u8, IPv_Type: ipv4, Location: 中国-上海-上海, ISP: 电信, Date: None, Delay: 1922 ms, Speed: 1.09 M/s, Resolution: 1920x1080
Name: 浙江新闻, URL: http://ali-vl.cztv.com/channels/lantian/channel007/360p.m3u8, IPv_Type: ipv6, Location: 中国, ISP: 中国电信, Date: None, Delay: -1 ms, Speed: 0.00 M/s, Resolution: None
Name: 浙江少儿, URL: http://ali-vl.cztv.com/channels/lantian/channel008/360p.m3u8, IPv_Type: ipv6, Location: 中国, ISP: 中国电信, Date: None, Delay: -1 ms, Speed: 0.00 M/s, Resolution: None
Name: 杭州综合, URL: http://goo.bkpcp.top/mg/hzzh, IPv_Type: ipv6, Location: 美国, ISP: CloudFlare Inc., Date: None, Delay: -1 ms, Speed: 0.00 M/s, Resolution: None
Name: 杭州明珠, URL: http://goo.bkpcp.top/mg/hzmz, IPv_Type: ipv6, Location: 美国, ISP: CloudFlare Inc., Date: None, Delay: -1 ms, Speed: 0.00 M/s, Resolution: None
Name: 杭州生活, URL: http://goo.bkpcp.top/mg/hzsh, IPv_Type: ipv6, Location: 美国, ISP: CloudFlare Inc., Date: None, Delay: -1 ms, Speed: 0.00 M/s, Resolution: None
Name: 杭州影视, URL: http://goo.bkpcp.top/mg/hzys, IPv_Type: ipv6, Location: 美国, ISP: CloudFlare Inc., Date: None, Delay: -1 ms, Speed: 0.00 M/s, Resolution: None
Name: 杭州少体, URL: http://goo.bkpcp.top/mg/hzse, IPv_Type: ipv6, Location: 美国, ISP: CloudFlare Inc., Date: None, Delay: -1 ms, Speed: 0.00 M/s, Resolution: None
Name: 之江纪录, URL: http://goo.bkpcp.top/mg/zjjl, IPv_Type: ipv6, Location: 美国, ISP: CloudFlare Inc., Date: None, Delay: -1 ms, Speed: 0.00 M/s, Resolution: None
Name: 浙江国际, URL: http://ali-vl.cztv.com/channels/lantian/channel010/360p.m3u8, IPv_Type: ipv6, Location: 中国, ISP: 中国电信, Date: None, Delay: -1 ms, Speed: 0.00 M/s, Resolution: None
Name: 浙江国际, URL: http://ali-xwl.cztv.com/live/channel101080Plxw.m3u8, IPv_Type: ipv4, Location: 美国, ISP: 阿里云, Date: None, Delay: 993 ms, Speed: 2.33 M/s, Resolution: 1920x1080
Name: 嘉兴新闻综合, URL: http://live.zohi.tv/video/s10001-fztv-1/index.m3u8, IPv_Type: ipv6, Location: 中国, ISP: 中国电信, Date: None, Delay: -1 ms, Speed: 0.00 M/s, Resolution: None
Name: 湖州公共, URL: https://hzcm-live.media.hugd.com/1e6b554b9ab74513958c0e1ffe664d22/9acaa7634309494cb29a85eb12136607.m3u8?auth_key=2272900830-9a2389b8bf4e49d580d4ad807423d326-0-ea78a5c7a678c436263582d368f5009e, IPv_Type: ipv4, Location: 中国-上海-上海, ISP: 电信, Date: None, Delay: 1451 ms, Speed: 0.11 M/s, Resolution: 1280x720
Name: 湖州新闻综合, URL: http://hzcm-live.media.hugd.com/3f5fa7d64c7c46a38c6bd8ad35e836cc/65128273761b4731ae53729ea6dcf932.m3u8?auth_key=2277598215-9d21c15111244bea8d298c361d31a72e-0-d031198f58d44b0e91ba2e3f3b188865&amp;fbl=, IPv_Type: ipv4, Location: 中国-上海-上海, ISP: 电信, Date: None, Delay: 930 ms, Speed: 0.16 M/s, Resolution: 1280x720
Name: 湖州新闻综合, URL: http://hzcm-live.media.hugd.com/3f5fa7d64c7c46a38c6bd8ad35e836cc/65128273761b4731ae53729ea6dcf932.m3u8?auth_key=2277598215-9d21c15111244bea8d298c361d31a72e-0-d031198f58d44b0e91ba2e3f3b188865, IPv_Type: ipv4, Location: 中国-上海-上海, ISP: 电信, Date: None, Delay: 978 ms, Speed: 0.15 M/s, Resolution: 1280x720
Name: 湖州新闻综合, URL: http://hzcm-live.media.hugd.com/3f5fa7d64c7c46a38c6bd8ad35e836cc/65128273761b4731ae53729ea6dcf932.m3u8?auth_key=2277598215-9d21c15111244bea8d298c361d31a72e-0-d031198f58d44b0e91ba2e3f3b188865&fbl=, IPv_Type: ipv4, Location: 中国-上海-上海, ISP: 电信, Date: None, Delay: 991 ms, Speed: 0.15 M/s, Resolution: 1280x720
Name: 湖州新闻综合, URL: http://hzcm-live.media.hugd.com/3f5fa7d64c7c46a38c6bd8ad35e836cc/65128273761b4731ae53729ea6dcf932.m3u8?auth_key=2277598215-9d21c15111244bea8d298c361d31a72e-0-d031198f58d44b0e91ba2e3f3b188865&amp;amp;fbl=, IPv_Type: ipv4, Location: 中国-上海-上海, ISP: 电信, Date: None, Delay: 993 ms, Speed: 0.15 M/s, Resolution: 1280x720
Name: 湖州新闻综合, URL: http://hzcm-live.media.hugd.com/3f5fa7d64c7c46a38c6bd8ad35e836cc/65128273761b4731ae53729ea6dcf932.m3u8?auth_key=2277598215-9d21c15111244bea8d298c361d31a72e-0-d031198f58d44b0e91ba2e3f3b188865&amp;amp;amp;fbl=, IPv_Type: ipv4, Location: 中国-上海-上海, ISP: 电信, Date: None, Delay: 1015 ms, Speed: 0.15 M/s, Resolution: 1280x720
Name: 湖州新闻综合, URL: https://hzcm-live.media.hugd.com/3f5fa7d64c7c46a38c6bd8ad35e836cc/65128273761b4731ae53729ea6dcf932.m3u8?auth_key=2277598215-9d21c15111244bea8d298c361d31a72e-0-d031198f58d44b0e91ba2e3f3b188865, IPv_Type: ipv4, Location: 中国-上海-上海, ISP: 电信, Date: None, Delay: 1504 ms, Speed: 0.11 M/s, Resolution: 1280x720
Name: 湖州文化娱乐, URL: http://hzcm-live.media.hugd.com/613c47f0ab0d4eaa98b21378d0db6ded/0051d31c9dd543a7825eea4e49675b2a.m3u8?auth_key=2277598059-0a5ebfa1c0dc4671b42a60810fc37039-0-fa625b7d1feab612062453c12e3c8887, IPv_Type: ipv4, Location: 中国-上海-上海, ISP: 电信, Date: None, Delay: 1001 ms, Speed: 0.20 M/s, Resolution: 1280x720
Name: 湖州文化娱乐, URL: http://hzcm-live.media.hugd.com/613c47f0ab0d4eaa98b21378d0db6ded/0051d31c9dd543a7825eea4e49675b2a.m3u8?auth_key=2277598059-0a5ebfa1c0dc4671b42a60810fc37039-0-fa625b7d1feab612062453c12e3c8887&amp;amp;fbl=, IPv_Type: ipv4, Location: 中国-上海-上海, ISP: 电信, Date: None, Delay: 1010 ms, Speed: 0.19 M/s, Resolution: 1280x720
Name: 湖州文化娱乐, URL: http://hzcm-live.media.hugd.com/613c47f0ab0d4eaa98b21378d0db6ded/0051d31c9dd543a7825eea4e49675b2a.m3u8?auth_key=2277598059-0a5ebfa1c0dc4671b42a60810fc37039-0-fa625b7d1feab612062453c12e3c8887&fbl=, IPv_Type: ipv4, Location: 中国-上海-上海, ISP: 电信, Date: None, Delay: 1092 ms, Speed: 0.19 M/s, Resolution: 1280x720
Name: 湖州文化娱乐, URL: http://hzcm-live.media.hugd.com/613c47f0ab0d4eaa98b21378d0db6ded/0051d31c9dd543a7825eea4e49675b2a.m3u8?auth_key=2277598059-0a5ebfa1c0dc4671b42a60810fc37039-0-fa625b7d1feab612062453c12e3c8887&amp;fbl=, IPv_Type: ipv4, Location: 中国-上海-上海, ISP: 电信, Date: None, Delay: 1095 ms, Speed: 0.18 M/s, Resolution: 1280x720
Name: 湖州文化娱乐, URL: https://hzcm-live.media.hugd.com/613c47f0ab0d4eaa98b21378d0db6ded/0051d31c9dd543a7825eea4e49675b2a.m3u8?auth_key=2277598059-0a5ebfa1c0dc4671b42a60810fc37039-0-fa625b7d1feab612062453c12e3c8887, IPv_Type: ipv4, Location: 中国-上海-上海, ISP: 电信, Date: None, Delay: 1557 ms, Speed: 0.14 M/s, Resolution: 1280x720
Name: 浙江留学, URL: http://ali-vl.cztv.com/channels/lantian/channel009/360p.m3u8, IPv_Type: ipv6, Location: 中国, ISP: 中国电信, Date: None, Delay: -1 ms, Speed: 0.00 M/s, Resolution: None
Name: 浙江民生休闲, URL: http://ali-vl.cztv.com/channels/lantian/channel006/360p.m3u8, IPv_Type: ipv6, Location: 中国, ISP: 中国电信, Date: None, Delay: -1 ms, Speed: 0.00 M/s, Resolution: None
Name: 浙江民生休闲, URL: http://ali-xwl.cztv.com/live/channel061080Plxw.m3u8, IPv_Type: ipv4, Location: 美国, ISP: 阿里云, Date: None, Delay: 1007 ms, Speed: 1.93 M/s, Resolution: 1920x1080
Name: 浙江教科影院, URL: http://ali-m-l.cztv.com/channels/lantian/channel004/1080p.m3u8?zzhed, IPv_Type: ipv4, Location: 中国-上海-上海, ISP: 电信, Date: None, Delay: 1736 ms, Speed: 1.03 M/s, Resolution: 1920x1080
Name: 浙江教科影视, URL: http://ali-xwl.cztv.com/live/channel041080Plxw.m3u8, IPv_Type: ipv4, Location: 美国, ISP: 阿里云, Date: None, Delay: 1160 ms, Speed: 1.77 M/s, Resolution: 1920x1080
Name: 浙江休闲台, URL: http://ali-m-l.cztv.com/channels/lantian/channel006/720p.m3u8, IPv_Type: ipv4, Location: 中国-上海-上海, ISP: 电信, Date: None, Delay: 1597 ms, Speed: 0.91 M/s, Resolution: 1280x720
Name: 浙江青田, URL: http://l.cztvcloud.com/channels/lantian/SXqingtian1/720p.m3u8?zzhed, IPv_Type: ipv4, Location: 中国-上海-上海, ISP: 电信, Date: None, Delay: 2243 ms, Speed: 1.15 M/s, Resolution: 1920x1080
Name: 浙江遂昌, URL: http://l.cztvcloud.com/channels/lantian/SXsuichang1/720p.m3u8, IPv_Type: ipv4, Location: 中国-上海-上海, ISP: 电信, Date: None, Delay: 1861 ms, Speed: 0.49 M/s, Resolution: 1920x1080
Name: 浙江遂昌, URL: http://l.cztvcloud.com/channels/lantian/SXsuichang1/720p.m3u8?%E5%85%B3%E6%B3%A8%E5%BE%AE%E4%BF%A1%E5%85%AC%E4%BC%97%E5%8F%B7[%E6%99%B4%E5%9B%AD], IPv_Type: ipv4, Location: 中国-上海-上海, ISP: 电信, Date: None, Delay: 1969 ms, Speed: 0.49 M/s, Resolution: 1920x1080
Name: 龙游生活娱乐, URL: http://l.cztvcloud.com/channels/lantian/SXlongyou2/720p.m3u8?zzhed, IPv_Type: ipv6, Location: 中国, ISP: 中国电信, Date: None, Delay: -1 ms, Speed: 0.00 M/s, Resolution: None
Name: 龙游新闻综合, URL: http://l.cztvcloud.com/channels/lantian/SXlongyou1/720p.m3u8?zzhed, IPv_Type: ipv4, Location: 中国-上海-上海, ISP: 电信, Date: None, Delay: 2138 ms, Speed: 1.14 M/s, Resolution: 1280x720
Name: 龙游新闻综合, URL: https://l.cztvcloud.com/channels/lantian/SXlongyou1/720p.m3u8, IPv_Type: ipv4, Location: 中国-上海-上海, ISP: 电信, Date: None, Delay: 2335 ms, Speed: 1.05 M/s, Resolution: 1280x720
Name: 象山综合, URL: http://l.cztvcloud.com/channels/lantian/SXxiangshan1/720p.m3u8?zzhed, IPv_Type: ipv4, Location: 中国-上海-上海, ISP: 电信, Date: None, Delay: 2147 ms, Speed: 0.83 M/s, Resolution: 1280x720
Name: 萧山生活, URL: https://l.cztvcloud.com/channels/lantian/SXxiaoshan2/720p.m3u8, IPv_Type: ipv4, Location: 中国-上海-上海, ISP: 电信, Date: None, Delay: 2385 ms, Speed: 1.02 M/s, Resolution: 1280x720
Name: 萧山生活, URL: http://l.cztvcloud.com/channels/lantian/SXxiaoshan2/720p.m3u8?zzhed, IPv_Type: ipv4, Location: 中国-上海-上海, ISP: 电信, Date: None, Delay: 2621 ms, Speed: 1.00 M/s, Resolution: 1280x720
Name: 萧山新闻综合, URL: http://l.cztvcloud.com/channels/lantian/SXxiaoshan1/720p.m3u8?cWlkPSZzPTg3OWMwYmMyZDMzYTFhZGY3NDQxMjgyYTg1MmUzNTY0JmVzPTE3MDY2Nzc4NzMmdXVpZD0yMjdiY2MzNGNiNGY0MThlYjRiY2IxYzcwNmZjODNkMS02NzQ3NDY2NyZ2PTImYXM9MCZjZG5leF9pZD10eF9waG9uZV9saXZl, IPv_Type: ipv6, Location: 中国, ISP: 中国电信, Date: None, Delay: -1 ms, Speed: 0.00 M/s, Resolution: None
Name: 缙云综合, URL: http://l.cztvcloud.com/channels/lantian/SXjinyun1/720p.m3u8?zzhed, IPv_Type: ipv4, Location: 中国-上海-上海, ISP: 电信, Date: None, Delay: 2122 ms, Speed: 0.81 M/s, Resolution: 1280x720
Name: 缙云综合, URL: http://l.cztvcloud.com/channels/lantian/SXjinyun1/720p.m3u8?zzhed&quot;, IPv_Type: ipv4, Location: 中国-上海-上海, ISP: 电信, Date: None, Delay: 2757 ms, Speed: 0.70 M/s, Resolution: 1280x720
Name: 缙云新闻综合, URL: http://l.cztvcloud.com/channels/lantian/SXjinyun1/720p.m3u8, IPv_Type: ipv4, Location: 中国-上海-上海, ISP: 电信, Date: None, Delay: 2764 ms, Speed: 0.67 M/s, Resolution: 1280x720
Name: 绍兴电视台公共, URL: http://live.shaoxing.com.cn/video/s10001-sxtv2/index.m3u8?%E5%85%B3%E6%B3%A8%E5%BE%AE%E4%BF%A1%E5%85%AC%E4%BC%97%E5%8F%B7[%E6%99%B4%E5%9B%AD], IPv_Type: ipv4, Location: 中国-浙江-绍兴, ISP: 电信, Date: None, Delay: 3615 ms, Speed: 0.21 M/s, Resolution: 1280x720
Name: 绍兴电视台公共, URL: http://live.shaoxing.com.cn/video/s10001-sxtv2/index.m3u8, IPv_Type: ipv4, Location: 中国-浙江-绍兴, ISP: 电信, Date: None, Delay: 3721 ms, Speed: 0.20 M/s, Resolution: 1280x720
Name: 绍兴新闻综合, URL: http://live.shaoxing.com.cn/video/s10001-sxtv1/index.m3u8?zzhed, IPv_Type: ipv4, Location: 中国-浙江-绍兴, ISP: 电信, Date: None, Delay: 3484 ms, Speed: 0.21 M/s, Resolution: 720x576
Name: 绍兴文化影院, URL: http://live.shaoxing.com.cn/video/s10001-sxtv3/index.m3u8?zzhed, IPv_Type: ipv4, Location: 中国-浙江-绍兴, ISP: 电信, Date: None, Delay: 3735 ms, Speed: 0.21 M/s, Resolution: 1280x720
Name: 绍兴文化影视, URL: http://live.shaoxing.com.cn/video/s10001-sxtv3/index.m3u8, IPv_Type: ipv4, Location: 中国-浙江-绍兴, ISP: 电信, Date: None, Delay: 3727 ms, Speed: 0.20 M/s, Resolution: 1280x720
Name: 湖州公共民生, URL: http://hzcm-live.media.hugd.com/1e6b554b9ab74513958c0e1ffe664d22/9acaa7634309494cb29a85eb12136607.m3u8?auth_key=2272900830-9a2389b8bf4e49d580d4ad807423d326-0-ea78a5c7a678c436263582d368f5009e, IPv_Type: ipv4, Location: 中国-上海-上海, ISP: 电信, Date: None, Delay: 1005 ms, Speed: 0.15 M/s, Resolution: 1280x720
Name: 海宁新闻综合, URL: https://p2hs.vzan.com/slowlive/317913155078575177/live.m3u8?zbid=293304&amp;tpid=1708007815, IPv_Type: ipv4, Location: 中国-河北-石家庄, ISP: 鹏博士宽带, Date: None, Delay: 217 ms, Speed: 0.65 M/s, Resolution: 1280x720
Name: 海宁新闻综合, URL: https://p2hs.vzan.com/slowlive/317913155078575177/live.m3u8?zbid=293304&amp;amp;tpid=1708007815, IPv_Type: ipv4, Location: 中国-广东-东莞, ISP: 鹏博士BGP, Date: None, Delay: 284 ms, Speed: 0.55 M/s, Resolution: 1280x720
Name: 海宁新闻综合, URL: https://p2hs.vzan.com/slowlive/317913155078575177/live.m3u8?zbid=293304&tpid=1708007815, IPv_Type: ipv4, Location: 中国-河北-石家庄, ISP: 鹏博士宽带, Date: None, Delay: 572 ms, Speed: 0.40 M/s, Resolution: 1280x720
Name: 海宁新闻综合, URL: https://p2hs.vzan.com/slowlive/317913155078575177/live.m3u8, IPv_Type: ipv4, Location: 中国-河北-石家庄, ISP: 鹏博士宽带, Date: None, Delay: 680 ms, Speed: 0.38 M/s, Resolution: 1280x720
Name: 海宁新闻综合, URL: http://p2hs.vzan.com/slowlive/317913155078575177/live.m3u8, IPv_Type: ipv4, Location: 中国-河北-石家庄, ISP: 鹏博士宽带, Date: None, Delay: 466 ms, Speed: 0.25 M/s, Resolution: 1280x720
Name: 洞头综合, URL: http://l.cztvcloud.com/channels/lantian/SXdongtou1/720p.m3u8?zzhed, IPv_Type: ipv6, Location: 中国, ISP: 中国电信, Date: None, Delay: -1 ms, Speed: 0.00 M/s, Resolution: None
Name: 武义新闻综合, URL: http://l.cztvcloud.com/channels/lantian/SXwuyi1/720p.m3u8?zzhed, IPv_Type: ipv4, Location: 中国-上海-上海, ISP: 电信, Date: None, Delay: 1986 ms, Speed: 0.59 M/s, Resolution: 720x576
Name: 武义新闻综合, URL: http://l.cztvcloud.com/channels/lantian/SXwuyi1/720p.m3u8, IPv_Type: ipv4, Location: 中国-上海-上海, ISP: 电信, Date: None, Delay: 2040 ms, Speed: 0.57 M/s, Resolution: 720x576
Name: 普陀电视台, URL: http://l.cztvcloud.com/channels/lantian/SXputuo1/720p.m3u8?zzhed#http://l.cztvcloud.com/channels/lantian/SXputuo1/720p.m3u8, IPv_Type: ipv4, Location: 中国-上海-上海, ISP: 电信, Date: None, Delay: 1986 ms, Speed: 0.84 M/s, Resolution: 1280x720
Name: 普陀电视台, URL: https://l.cztvcloud.com/channels/lantian/SXputuo1/720p.m3u8, IPv_Type: ipv4, Location: 中国-上海-上海, ISP: 电信, Date: None, Delay: 2088 ms, Speed: 0.82 M/s, Resolution: 1280x720
Name: 普陀新闻综合, URL: http://l.cztvcloud.com/channels/lantian/SXputuo1/720p.m3u8, IPv_Type: ipv4, Location: 中国-上海-上海, ISP: 电信, Date: None, Delay: 1970 ms, Speed: 0.84 M/s, Resolution: 1280x720
Name: 普陀新闻综合, URL: http://l.cztvcloud.com/channels/lantian/SXputuo1/720p.m3u8?zzhed, IPv_Type: ipv4, Location: 中国-上海-上海, ISP: 电信, Date: None, Delay: 2290 ms, Speed: 0.78 M/s, Resolution: 1280x720
Name: 新昌生活, URL: http://l.cztvcloud.com/channels/lantian/SXxinchang2/720p.m3u8, IPv_Type: ipv4, Location: 中国-上海-上海, ISP: 电信, Date: None, Delay: 2443 ms, Speed: 0.51 M/s, Resolution: 1920x1080
Name: 新昌新闻综合, URL: http://l.cztvcloud.com/channels/lantian/SXxinchang1/720p.m3u8, IPv_Type: ipv4, Location: 中国-上海-上海, ISP: 电信, Date: None, Delay: 2265 ms, Speed: 1.01 M/s, Resolution: 1920x1080
Name: 新昌新闻综合, URL: https://l.cztvcloud.com/channels/lantian/SXxinchang1/720p.m3u8, IPv_Type: ipv4, Location: 中国-上海-上海, ISP: 电信, Date: None, Delay: 2358 ms, Speed: 1.00 M/s, Resolution: 1920x1080
Name: 文成综合, URL: http://l.cztvcloud.com/channels/lantian/SXwencheng1/720p.m3u8?zzhed, IPv_Type: ipv6, Location: 中国, ISP: 中国电信, Date: None, Delay: -1 ms, Speed: 0.00 M/s, Resolution: None
Name: 开化新闻综合, URL: http://l.cztvcloud.com/channels/lantian/SXkaihua1/720p.m3u8?zzhed, IPv_Type: ipv4, Location: 中国-上海-上海, ISP: 电信, Date: None, Delay: 2070 ms, Speed: 0.83 M/s, Resolution: 1280x720
Name: 开化国家公园, URL: http://l.cztvcloud.com/channels/lantian/SXkaihua2/720p.m3u8zzhed, IPv_Type: ipv6, Location: 中国, ISP: 中国电信, Date: None, Delay: -1 ms, Speed: 0.00 M/s, Resolution: None
Name: 开化国家公园, URL: http://l.cztvcloud.com/channels/lantian/SXkaihua2/720p.m3u8?zzhed, IPv_Type: ipv6, Location: 中国, ISP: 中国电信, Date: None, Delay: -1 ms, Speed: 0.00 M/s, Resolution: None
Name: 庆元综合, URL: http://l.cztvcloud.com/channels/lantian/SXqingyuan1/720p.m3u8?zzhed, IPv_Type: ipv4, Location: 中国-上海-上海, ISP: 电信, Date: None, Delay: 2341 ms, Speed: 1.06 M/s, Resolution: 1920x1080
Name: 庆元综合, URL: http://l.cztvcloud.com/channels/lantian/SXqingyuan1/720p.m3u8, IPv_Type: ipv4, Location: 中国-上海-上海, ISP: 电信, Date: None, Delay: 2230 ms, Speed: 1.06 M/s, Resolution: 1920x1080
Name: 庆元综合, URL: http://l.cztvcloud.com/channels/lantian/SXqingyuan1/720p.m3u8?fbl=, IPv_Type: ipv4, Location: 中国-上海-上海, ISP: 电信, Date: None, Delay: 2239 ms, Speed: 1.04 M/s, Resolution: 1920x1080
Name: 平湖民生休闲, URL: http://l.cztvcloud.com/channels/lantian/SXpinghu2/720p.m3u8?zzhed, IPv_Type: ipv6, Location: 中国, ISP: 中国电信, Date: None, Delay: -1 ms, Speed: 0.00 M/s, Resolution: None
Name: 平湖新闻综合, URL: http://l.cztvcloud.com/channels/lantian/SXpinghu1/720p.m3u8?zzhed, IPv_Type: ipv6, Location: 中国, ISP: 中国电信, Date: None, Delay: -1 ms, Speed: 0.00 M/s, Resolution: None
Name: 嵊泗综合, URL: http://goo.bkpcp.top/mg/ssxwzh, IPv_Type: ipv6, Location: 美国, ISP: CloudFlare Inc., Date: None, Delay: -1 ms, Speed: 0.00 M/s, Resolution: None
Name: 嵊州新闻综合, URL: http://l.cztvcloud.com/channels/lantian/SXshengzhou1/720p.m3u8?zzhed#http://l.cztvcloud.com/channels/lantian/SXshengzhou1/720p.m3u8, IPv_Type: ipv4, Location: 中国-上海-上海, ISP: 电信, Date: None, Delay: 2299 ms, Speed: 0.82 M/s, Resolution: 1280x720
Name: 嵊州新闻综合, URL: rtmp://play-sh11.quklive.com/live/1626935015913208, IPv_Type: ipv4, Location: 美国, ISP: 阿里云, Date: None, Delay: 1343 ms, Speed: 0.00 M/s, Resolution: None
Name: 兰溪新闻综合, URL: http://l.cztvcloud.com/channels/lantian/SXlanxi1/720p.m3u8?zzhed, IPv_Type: ipv4, Location: 中国-上海-上海, ISP: 电信, Date: None, Delay: 2221 ms, Speed: 0.86 M/s, Resolution: 1280x720
Name: 兰溪新闻综合, URL: http://l.cztvcloud.com/channels/lantian/SXlanxi1/720p.m3u8, IPv_Type: ipv4, Location: 中国-上海-上海, ISP: 电信, Date: None, Delay: 2636 ms, Speed: 0.79 M/s, Resolution: 1280x720
Name: 余杭综合, URL: http://l.cztvcloud.com/channels/lantian/SXyuhang1/720p.m3u8, IPv_Type: ipv4, Location: 中国-上海-上海, ISP: 电信, Date: None, Delay: 2253 ms, Speed: 0.58 M/s, Resolution: 1920x1080
Name: 余杭综合, URL: http://l.cztvcloud.com/channels/lantian/SXyuhang1/720p.m3u8?zzhed, IPv_Type: ipv4, Location: 中国-上海-上海, ISP: 电信, Date: None, Delay: 2639 ms, Speed: 0.56 M/s, Resolution: 1920x1080
Name: 余杭未来E, URL: http://l.cztvcloud.com/channels/lantian/SXyuhang3/720p.m3u8, IPv_Type: ipv4, Location: 中国-上海-上海, ISP: 电信, Date: None, Delay: 2238 ms, Speed: 0.91 M/s, Resolution: 1920x1080
Name: 余杭未来E, URL: http://l.cztvcloud.com/channels/lantian/SXyuhang3/720p.m3u8?zzhed, IPv_Type: ipv4, Location: 中国-江苏-苏州, ISP: 电信, Date: None, Delay: 2404 ms, Speed: 0.89 M/s, Resolution: 1920x1080
Name: 余姚综合, URL: http://l.cztvcloud.com/channels/lantian/SXyuyao1/720p.m3u8?%E5%85%B3%E6%B3%A8%E5%BE%AE%E4%BF%A1%E5%85%AC%E4%BC%97%E5%8F%B7[%E6%99%B4%E5%9B%AD], IPv_Type: ipv4, Location: 中国-上海-上海, ISP: 电信, Date: None, Delay: 2063 ms, Speed: 0.86 M/s, Resolution: 1920x1080
Name: 余姚综合, URL: https://l.cztvcloud.com/channels/lantian/SXyuyao1/720p.m3u8, IPv_Type: ipv4, Location: 中国-上海-上海, ISP: 电信, Date: None, Delay: 2289 ms, Speed: 0.82 M/s, Resolution: 1920x1080
Name: 余姚综合, URL: http://l.cztvcloud.com/channels/lantian/SXyuyao1/720p.m3u8?zzhed, IPv_Type: ipv4, Location: 中国-上海-上海, ISP: 电信, Date: None, Delay: 2644 ms, Speed: 0.80 M/s, Resolution: 1920x1080
Name: 余姚综合, URL: http://l.cztvcloud.com/channels/lantian/SXyuyao1/720p.m3u8, IPv_Type: ipv4, Location: 中国-上海-上海, ISP: 电信, Date: None, Delay: 2782 ms, Speed: 0.78 M/s, Resolution: 1920x1080
Name: 余姚新闻综合, URL: http://l.cztvcloud.com/channels/lantian/SXyuyao1/720p.m3u8, IPv_Type: ipv6, Location: 中国, ISP: 中国电信, Date: None, Delay: -1 ms, Speed: 0.00 M/s, Resolution: None
Name: 余姚姚江文化, URL: https://l.cztvcloud.com/channels/lantian/SXyuyao2/720p.m3u8, IPv_Type: ipv4, Location: 中国-上海-上海, ISP: 电信, Date: None, Delay: 2249 ms, Speed: 0.85 M/s, Resolution: 1920x1080
Name: 云和新闻综合, URL: http://l.cztvcloud.com/channels/lantian/SXyunhe1/720p.m3u8?zzhed, IPv_Type: ipv6, Location: 中国, ISP: 中国电信, Date: None, Delay: -1 ms, Speed: 0.00 M/s, Resolution: None
Name: 东阳影视生活, URL: http://l.cztvcloud.com/channels/lantian/SXdongyang1/720p.m3u8, IPv_Type: ipv4, Location: 中国-上海-上海, ISP: 电信, Date: None, Delay: 2335 ms, Speed: 1.30 M/s, Resolution: 1280x720
Name: 上虞新闻综合, URL: http://l.cztvcloud.com/channels/lantian/SXshangyu1/720p.m3u8?zzhed, IPv_Type: ipv4, Location: 中国-上海-上海, ISP: 电信, Date: None, Delay: 2443 ms, Speed: 1.44 M/s, Resolution: 1920x1080
Name: 上虞新商都, URL: http://l.cztvcloud.com/channels/lantian/SXshangyu3/720p.m3u8?zzhed\r\n, IPv_Type: ipv4, Location: 中国-上海-上海, ISP: 电信, Date: None, Delay: 2437 ms, Speed: 1.50 M/s, Resolution: 1920x1080
Name: 上虞新商都, URL: http://l.cztvcloud.com/channels/lantian/SXshangyu3/720p.m3u8, IPv_Type: ipv4, Location: 中国-上海-上海, ISP: 电信, Date: None, Delay: 2496 ms, Speed: 1.46 M/s, Resolution: 1920x1080
Name: 北京卡酷少儿, URL: https://migu.188766.xyz/?migutoken=1023983db6b5249e61d4950c1654cd84&id=%E5%8C%97%E4%BA%AC%E5%8D%A1%E9%85%B7%E5%B0%91%E5%84%BF&type=yy, IPv_Type: ipv6, Location: 美国, ISP: CloudFlare Inc., Date: None, Delay: -1 ms, Speed: 0.00 M/s, Resolution: None
Name: 北京新闻, URL: https://ls.qingting.fm/live/339/64k.m3u8, IPv_Type: ipv6, Location: 美国, ISP: , Date: None, Delay: -1 ms, Speed: 0.00 M/s, Resolution: None
Name: 北京新闻, URL: http://[2409:8087:1:20:20::2a]/otttv.bj.chinamobile.com/PLTV/88888888/224/3221226437/1.m3u8?GuardEncType=2&accountinfo=%7E%7EV2.0%7EncK5uEAdYwWMsf8WJWI1mQ%7E_eNUbgU9sJGUcVVduOMKhafLvQUgE_zlz_7pvDimJNO_LSIQh_h2P54Cz-MqgJqC%2CEND, IPv_Type: ipv6, Location: 中国, ISP: 中国移动, Date: None, Delay: -1 ms, Speed: 0.00 M/s, Resolution: None
Name: 北京新闻, URL: http://[2409:8087:8:21::18]:6610/otttv.bj.chinamobile.com/PLTV/88888888/224/3221226437/1.m3u8, IPv_Type: ipv6, Location: 中国, ISP: 中国移动, Date: None, Delay: -1 ms, Speed: 0.00 M/s, Resolution: None
Name: 北京新闻, URL: http://[2409:8087:8:21::18]:6610/otttv.bj.chinamobile.com/PLTV/88888888/224/3221226512/1.m3u8, IPv_Type: ipv6, Location: 中国, ISP: 中国移动, Date: None, Delay: -1 ms, Speed: 0.00 M/s, Resolution: None
Name: 北京新闻, URL: http://iptv.huuc.edu.cn/hls/btv9hd.m3u8, IPv_Type: ipv6, Location: 中国, ISP: 教育网, Date: None, Delay: -1 ms, Speed: 0.00 M/s, Resolution: None
Name: 北京新闻, URL: http://yc.myds.me:35455/bptv/10000100000000050000000003870780.m3u8, IPv_Type: ipv6, Location: 中国, ISP: 中国电信, Date: None, Delay: -1 ms, Speed: 0.00 M/s, Resolution: None
Name: 北京新闻, URL: https://brtv-radiolive.rbc.cn/alive/fm945.m3u8, IPv_Type: ipv6, Location: 美国-加利福尼亚州-圣克拉拉, ISP: AMD公司, Date: None, Delay: -1 ms, Speed: 0.00 M/s, Resolution: None
Name: 北京新闻, URL: http://dsj.motem.top:8880/bptv/10000100000000050000000003870780.m3u8, IPv_Type: ipv6, Location: 美国, ISP: CloudFlare Inc., Date: None, Delay: -1 ms, Speed: 0.00 M/s, Resolution: None
Name: 北京新闻, URL: https://satellitepull.cnr.cn/live/wxbjxwgb/playlist.m3u8, IPv_Type: ipv4, Location: 美国-德克萨斯州-达拉斯, ISP: 网宿科技CDN节点, Date: None, Delay: 15 ms, Speed: 7.51 M/s, Resolution: None
Name: 北京新闻, URL: https://wstvcpudali.v.myalicdn.com/wstvcpud/udrmbtv9_1/index.m3u8?adapt=0&BR=audio, IPv_Type: ipv4, Location: 中国-上海-上海, ISP: 电信, Date: None, Delay: 1327 ms, Speed: 0.08 M/s, Resolution: None
Name: 北京生活, URL: http://[2409:8087:1:20:20::2a]/otttv.bj.chinamobile.com/PLTV/88888888/224/3221226514/1.m3u8?GuardEncType=2&accountinfo=%7E%7EV2.0%7Es-PVNcPJsjr_oBdcXGT40g%7E_eNUbgU9sJGUcVVduOMKhafLvQUgE_zlz_7pvDimJNMWvZ0r6eMXcXJOGrCpJiq1%2CEND, IPv_Type: ipv6, Location: 中国, ISP: 中国移动, Date: None, Delay: -1 ms, Speed: 0.00 M/s, Resolution: None
Name: 北京生活, URL: http://[2409:8087:8:21::18]:6610/otttv.bj.chinamobile.com/PLTV/88888888/224/3221226514/1.m3u8, IPv_Type: ipv6, Location: 中国, ISP: 中国移动, Date: None, Delay: -1 ms, Speed: 0.00 M/s, Resolution: None
Name: 北京生活, URL: http://[2409:8087:8:21::18]:6610/otttv.bj.chinamobile.com/PLTV/88888888/224/3221226561/1.m3u8, IPv_Type: ipv6, Location: 中国, ISP: 中国移动, Date: None, Delay: -1 ms, Speed: 0.00 M/s, Resolution: None
Name: 北京生活, URL: https://migu.188766.xyz/?migutoken=9c327678a97ae2bebdc3343ce8d1b076&id=%E5%8C%97%E4%BA%ACi%E7%94%9F%E6%B4%BB&type=yy, IPv_Type: ipv6, Location: 美国, ISP: CloudFlare Inc., Date: None, Delay: -1 ms, Speed: 0.00 M/s, Resolution: None
Name: 北京生活, URL: https://migu.188766.xyz/?migutoken=5352c66f3445e6f6a6674e780db1be96&id=%E5%8C%97%E4%BA%ACi%E7%94%9F%E6%B4%BB&type=yy, IPv_Type: ipv6, Location: 美国, ISP: CloudFlare Inc., Date: None, Delay: -1 ms, Speed: 0.00 M/s, Resolution: None
Name: 北京生活, URL: https://wstvcpudali.v.myalicdn.com/wstvcpud/udrmbtv7_1/index.m3u8?adapt=0&BR=audio, IPv_Type: ipv4, Location: 中国-上海-上海, ISP: 电信, Date: None, Delay: 1195 ms, Speed: 0.08 M/s, Resolution: None
Name: 北京科教, URL: http://player.cntv.cn/standard/live_HLSDRM20180606.swf?ChannelID=btv3&P2PChannelID=pd://cctv_p2p_hdbtv3, IPv_Type: ipv4, Location: 美国-弗吉尼亚州-劳登县, ISP: 网宿CDN节点, Date: None, Delay: 31 ms, Speed: 4.13 M/s, Resolution: 19x24
Name: 北京财经, URL: http://[2409:8087:1:20:20::2a]/otttv.bj.chinamobile.com/PLTV/88888888/224/3221226516/1.m3u8?GuardEncType=2&accountinfo=%7E%7EV2.0%7Eh9_SEkmWeMdS1TMnIILZgg%7E_eNUbgU9sJGUcVVduOMKhafLvQUgE_zlz_7pvDimJNPIiicEW7OIvk1s-X-PXHqO%2CEND, IPv_Type: ipv6, Location: 中国, ISP: 中国移动, Date: None, Delay: -1 ms, Speed: 0.00 M/s, Resolution: None
Name: 北京财经, URL: http://[2409:8087:8:21::18]:6610/otttv.bj.chinamobile.com/PLTV/88888888/224/3221226516/1.m3u8, IPv_Type: ipv6, Location: 中国, ISP: 中国移动, Date: None, Delay: -1 ms, Speed: 0.00 M/s, Resolution: None
Name: 北京财经, URL: http://[2409:8087:8:21::18]:6610/otttv.bj.chinamobile.com/PLTV/88888888/224/3221226560/1.m3u8, IPv_Type: ipv6, Location: 中国, ISP: 中国移动, Date: None, Delay: -1 ms, Speed: 0.00 M/s, Resolution: None
Name: 北京财经, URL: https://migu.188766.xyz/?migutoken=7c30e1ae174f101bab516bfa43840925&id=%E5%8C%97%E4%BA%AC%E8%B4%A2%E7%BB%8F&type=yy, IPv_Type: ipv6, Location: 美国, ISP: CloudFlare Inc., Date: None, Delay: -1 ms, Speed: 0.00 M/s, Resolution: None
Name: 北京财经, URL: https://migu.188766.xyz/?migutoken=debab7233813a268c34754a611c9f1fb&id=%E5%8C%97%E4%BA%AC%E8%B4%A2%E7%BB%8F&type=yy, IPv_Type: ipv6, Location: 美国, ISP: CloudFlare Inc., Date: None, Delay: -1 ms, Speed: 0.00 M/s, Resolution: None
Name: 北京财经, URL: https://wstvcpudali.v.myalicdn.com/wstvcpud/udrmbtv5_1/index.m3u8?adapt=0&BR=audio, IPv_Type: ipv4, Location: 中国-上海-上海, ISP: 电信, Date: None, Delay: 1310 ms, Speed: 0.08 M/s, Resolution: None
Name: 北京青年, URL: http://player.cntv.cn/standard/live_HLSDRM20180919.swf?v=180.171.5.8.9.6.3.9&ChannelID=btv8&videoTVChannel=btv8&P2PChannelID=pd://cctv_p2p_hdbtv8&tai=btv8&VideoName=btv8&channelID=btv8, IPv_Type: ipv4, Location: 美国-弗吉尼亚州-劳登县, ISP: 网宿CDN节点, Date: None, Delay: 32 ms, Speed: 3.97 M/s, Resolution: 19x24
Name: 七彩戏剧, URL: http://php.jdshipin.com/itv6s.php?cid=bestzb&id=5000000011000031116, IPv_Type: ipv6, Location: 美国, ISP: CloudFlare Inc., Date: None, Delay: -1 ms, Speed: 0.00 M/s, Resolution: None
Name: 七彩戏剧, URL: http://z.b.bkpcp.top/m.php?id=qcxj, IPv_Type: ipv6, Location: 美国, ISP: CloudFlare Inc., Date: None, Delay: -1 ms, Speed: 0.00 M/s, Resolution: None
Name: 上海外语, URL: http://z.b.bkpcp.top/m.php?id=shics, IPv_Type: ipv6, Location: 美国, ISP: CloudFlare Inc., Date: None, Delay: -1 ms, Speed: 0.00 M/s, Resolution: None
Name: 上海外语, URL: http://[2409:8087:5e00:24::029]:6610/000000001000/2000000002000000001/index.m3u8?stbId=3&livemode=1&HlsProfileId=&channel-id=hnbblive&Contentid=2000000002000000001&IASHttpSessionId=OTT19019320240419154124000281, IPv_Type: ipv6, Location: 中国, ISP: 中国移动, Date: None, Delay: -1 ms, Speed: 0.00 M/s, Resolution: None
Name: 上海新闻综合, URL: http://z.b.bkpcp.top/m.php?id=shxwzh, IPv_Type: ipv6, Location: 美国, ISP: CloudFlare Inc., Date: None, Delay: -1 ms, Speed: 0.00 M/s, Resolution: None
Name: 上海新闻综合, URL: https://mursor.ottiptv.cc/migu/651632657.m3u8?migutoken=2c1df649aa4a05375c169ba80b0e1237948ea4ca1f76374295c3a13814b384753f3baf0671b15276cc4e08d3b8cc736174d9e248cc91974b4a90971bb67c1980a21d82ed456a9630f45e87f4b0, IPv_Type: ipv6, Location: 美国, ISP: Oracle Corporation, Date: None, Delay: -1 ms, Speed: 0.00 M/s, Resolution: None
Name: 上海新闻综合, URL: https://migu.188766.xyz/?migutoken=ab52e6b62ed5785f357e5b5f07f64dda&id=xwzh&type=sz, IPv_Type: ipv6, Location: 美国, ISP: CloudFlare Inc., Date: None, Delay: -1 ms, Speed: 0.00 M/s, Resolution: None
Name: 上海新闻综合, URL: https://mgtv.ottiptv.cc/migu/651632657.m3u8?migutoken=3d07ca6dd63fe88d489828ac56bd02581e576f20c460c32bec943a86a2d159b51a177f4186aa91045ee1c3b1b14ede5accc85b0c58c01a8201e6e8277e222da8b0cd553a74a01b9b3bb56893f8, IPv_Type: ipv6, Location: 美国, ISP: Oracle Corporation, Date: None, Delay: -1 ms, Speed: 0.00 M/s, Resolution: None
Name: 上海新闻综合, URL: https://migu.188766.xyz/?migutoken=2db2e2ddce3431f6bb0042dc4d843909&id=xwzh&type=sz, IPv_Type: ipv6, Location: 美国, ISP: CloudFlare Inc., Date: None, Delay: -1 ms, Speed: 0.00 M/s, Resolution: None
Name: 上海新闻综合, URL: https://mgtv.ottiptv.cc/migu/651632657.m3u8?migutoken=348c9164063c2b1df215dd2fa7cd92cb119d8a335ae0edfb5d615a6c714e71b669eee2f5ff1730afa92af7ca41d0aa96e3a280d7e5f2069eb8a3b852f3ebc270147489d7c8bfb08a7c4b9c4d80, IPv_Type: ipv6, Location: 美国, ISP: Oracle Corporation, Date: None, Delay: -1 ms, Speed: 0.00 M/s, Resolution: None
Name: 上海新闻综合, URL: https://mgtv.ottiptv.cc/mg/651632657.m3u8?sign=baf4677a556e411a7e3639bda66eca0f&tm=1757355490&token=a88466c8c0d3788d333987df991cb29c1bbdcede9924a8d3026202c22940b447704ff2c9123c66b2c48ec34b9f837524f69b99aff7581076d033af2d938587885b364200fd4b1194f2dea477e1, IPv_Type: ipv6, Location: 美国-新泽西州-巴赛克, ISP: DigitalOcean, Date: None, Delay: -1 ms, Speed: 0.00 M/s, Resolution: None
Name: 上海新闻综合, URL: http://gslbmgsplive.miguvideo.com/wd_r4/dfl/xinwenzonghehd/1200/index.m3u8?msisdn=20250919080134d0a4f61e680b4d1b8d2460b858ff1fec&mdspid=&spid=699212&netType=0&sid=5500002275&pid=2028597139&timestamp=20250919080134&Channel_ID=0116_2600000900-99000-201600010010027&ProgramID=651632657&ParentNodeID=-99&assertID=5500002275&client_ip=106.13.250.88&SecurityKey=20250919080134&promotionId=&mvid=5100001716&mcid=500020&playurlVersion=WX-A1-8.9.1-RELEASE&userid=&jmhm=&videocodec=h264&bean=mgspad&tid=android&conFee=0&puData=c6e37e6787e81aeb250c874ff8533137&ddCalcu=7c36e1e13313705e86f7f8477e88c10a5e2b, IPv_Type: ipv6, Location: 中国, ISP: 中国移动, Date: None, Delay: -1 ms, Speed: 0.00 M/s, Resolution: None
Name: 上海新闻综合, URL: http://gslbmgsplive.miguvideo.com/wd_r4/dfl/xinwenzonghehd/1200/index.m3u8?msisdn=20251023080141ea171d5993054ddd94612bf653be3cfa&mdspid=&spid=699212&netType=0&sid=5500002275&pid=2028597139&timestamp=20251023080141&Channel_ID=0116_2600000900-99000-201600010010027&ProgramID=651632657&ParentNodeID=-99&assertID=5500002275&client_ip=106.13.250.83&SecurityKey=20251023080141&promotionId=&mvid=5100001716&mcid=500020&playurlVersion=WX-A1-8.9.2-RELEASE&userid=&jmhm=&videocodec=h264&bean=mgspad&tid=android&conFee=0&puData=4757c0d2f0cd0feb69bcfc7ea14ddd49&ddCalcu=9447ed52d71dc0401da2ef70ccfdc0bf9e6b, IPv_Type: ipv6, Location: 中国, ISP: 中国移动, Date: None, Delay: -1 ms, Speed: 0.00 M/s, Resolution: None
Name: 上海新闻综合, URL: http://gslbmgsplive.miguvideo.com/wd_r4/dfl/xinwenzonghehd/1200/index.m3u8?msisdn=202510240800572be58ced346548aab92c7ebfbc90d088&mdspid=&spid=699212&netType=0&sid=5500002275&pid=2028597139&timestamp=20251024080057&Channel_ID=0116_2600000900-99000-201600010010027&ProgramID=651632657&ParentNodeID=-99&assertID=5500002275&client_ip=106.13.250.88&SecurityKey=20251024080057&promotionId=&mvid=5100001716&mcid=500020&playurlVersion=WX-A1-8.9.2-RELEASE&userid=&jmhm=&videocodec=h264&bean=mgspad&tid=android&conFee=0&puData=05479a300e9aa0cbfb7bbc5ca9733a84&ddCalcu=4085ea423713907a93a0c05ec9baba70bcfb, IPv_Type: ipv6, Location: 中国, ISP: 中国移动, Date: None, Delay: -1 ms, Speed: 0.00 M/s, Resolution: None
Name: 上海新闻综合, URL: http://gslbmgsplive.miguvideo.com/wd_r4/dfl/xinwenzonghehd/1200/index.m3u8?msisdn=20251025080100b35a6c3882a949ae802da68a5f06fef8&mdspid=&spid=699212&netType=0&sid=5500002275&pid=2028597139&timestamp=20251025080100&Channel_ID=0116_2600000900-99000-201600010010027&ProgramID=651632657&ParentNodeID=-99&assertID=5500002275&client_ip=106.13.250.90&SecurityKey=20251025080100&promotionId=&mvid=5100001716&mcid=500020&playurlVersion=WX-A1-8.9.2-RELEASE&userid=&jmhm=&videocodec=h264&bean=mgspad&tid=android&conFee=0&puData=6f8be77ecb1155de0e5d3baaed9f8e01&ddCalcu=160fee828b1fe097d7eeacabb131d555ed0e, IPv_Type: ipv6, Location: 中国, ISP: 中国移动, Date: None, Delay: -1 ms, Speed: 0.00 M/s, Resolution: None
Name: 上海新闻综合, URL: http://bp-livetytv.bestv.cn/ch/bestvxwzh.m3u8, IPv_Type: ipv6, Location: 中国, ISP: 中国电信, Date: None, Delay: -1 ms, Speed: 0.00 M/s, Resolution: None
Name: 上海新闻综合, URL: http://gslbmgsplive.miguvideo.com/wd_r4/dfl/xinwenzonghehd/1200/index.m3u8?msisdn=202510260800571a80ecc296e048748f25ce64f259efe6&mdspid=&spid=699212&netType=0&sid=5500002275&pid=2028597139&timestamp=20251026080057&Channel_ID=0116_2600000900-99000-201600010010027&ProgramID=651632657&ParentNodeID=-99&assertID=5500002275&client_ip=106.13.250.83&SecurityKey=20251026080057&promotionId=&mvid=5100001716&mcid=500020&playurlVersion=WX-A1-8.9.2-RELEASE&userid=&jmhm=&videocodec=h264&bean=mgspad&tid=android&conFee=0&puData=9434bf593d72839a9157b57bc07f3a86&ddCalcu=6984ea32341fb07f05c9b37d57b27853199a, IPv_Type: ipv6, Location: 中国, ISP: 中国移动, Date: None, Delay: -1 ms, Speed: 0.00 M/s, Resolution: None
Name: 上海第一财经, URL: https://mursor.ottiptv.cc/migu/608780988.m3u8?migutoken=7c61765857deba36348b33b70960be142ad01112a576887cba46c30e7069797b60d888f8f8dde583e0fd4fc58620a1fe2e530a64d73661591405b25881e40fcc2c1fe608d3cc0e259c8c00d297, IPv_Type: ipv6, Location: 美国, ISP: Oracle Corporation, Date: None, Delay: -1 ms, Speed: 0.00 M/s, Resolution: None
Name: 上海第一财经, URL: https://mgtv.ottiptv.cc/migu/608780988.m3u8?migutoken=dfed5da7e29e8b57e2aed3975fb3c0bfe41b53caed5efc9396edfc75fec33a9eeb357652ef34a96b8623b38e12b71bee632bf6f127e9c17861e5ca6e52898d0d770965f4de553ee23aeea5ce2c, IPv_Type: ipv6, Location: 美国, ISP: Oracle Corporation, Date: None, Delay: -1 ms, Speed: 0.00 M/s, Resolution: None
Name: 上海第一财经, URL: https://mgtv.ottiptv.cc/migu/608780988.m3u8?migutoken=0c7df30d952e5d120406d3eb259cd5e26ec6aa86037008719de147cc6fbc34e877c3e3d7b9617267f35521bdddc4c5995e6fc0583816a5df1bfe19814868525e736733676761a4b2d4db618e84, IPv_Type: ipv6, Location: 美国, ISP: Oracle Corporation, Date: None, Delay: -1 ms, Speed: 0.00 M/s, Resolution: None
Name: 上海第一财经, URL: https://mgtv.ottiptv.cc/mg/608780988.m3u8?sign=ca5073dfefabd07a3a44b30ca200c375&tm=1757355490&token=e12a9094e382415fed09673baf28a61946fd64f2b5cde215006fe2de44af0039ea71d14ca59989349864375e065f2f92bd0051dc7a3ec5ac60049cc02e57ce94eabe732283369ac89b87cbb618, IPv_Type: ipv6, Location: 美国-新泽西州-巴赛克, ISP: DigitalOcean, Date: None, Delay: -1 ms, Speed: 0.00 M/s, Resolution: None
Name: 上海第一财经, URL: https://mgtv.ottiptv.cc/mg/608780988.m3u8?sign=52bcb293840525afc20f183fd4fec6f8&tm=1757436314&token=263012168c20e0fac33cc4380cfa5b8992ddd3f7e35b501980c01f58761b83a99b5992d8bbf89304fe832666b6284f43866179b28fbf43cefb52eb75e99cecf462cf4687e182ca2658389024ef, IPv_Type: ipv6, Location: 美国, ISP: Oracle Corporation, Date: None, Delay: -1 ms, Speed: 0.00 M/s, Resolution: None
Name: 上海第一财经, URL: http://gslbmgsplive.miguvideo.com/wd_r1/2018/bestv/dycj/1000/index.m3u8?msisdn=2025091908013429b62173a5e24f8ea1f310d5ed32e792&mdspid=&spid=699212&netType=0&sid=2201008312&pid=2028597139&timestamp=20250919080134&Channel_ID=0116_2600000900-99000-201600010010027&ProgramID=608780988&ParentNodeID=-99&assertID=2201008312&client_ip=106.13.250.88&SecurityKey=20250919080134&promotionId=&mvid=2201008312&mcid=500020&playurlVersion=WX-A1-8.9.1-RELEASE&userid=&jmhm=&videocodec=h264&bean=mgspad&tid=android&conFee=0&puData=6c828d22c926cc843970f3f1c7455bea&ddCalcu=a6eceb815285804d72c21cf932f60c7c9834, IPv_Type: ipv6, Location: 中国, ISP: 中国移动, Date: None, Delay: -1 ms, Speed: 0.00 M/s, Resolution: None
Name: 上海第一财经, URL: http://bp-livetytv.bestv.cn/ch/bestvdycj.m3u8, IPv_Type: ipv6, Location: 中国, ISP: 中国电信, Date: None, Delay: -1 ms, Speed: 0.00 M/s, Resolution: None
Name: 上海纪实, URL: http://php.jdshipin.com/TVOD/hnyd.php?id=200000001898/460000089800010067, IPv_Type: ipv6, Location: 美国, ISP: CloudFlare Inc., Date: None, Delay: -1 ms, Speed: 0.00 M/s, Resolution: None
Name: 上海都市, URL: http://yc.myds.me:35455/itv/5000000010000018926.m3u8?cdn=bestzb, IPv_Type: ipv6, Location: 中国, ISP: 中国电信, Date: None, Delay: -1 ms, Speed: 0.00 M/s, Resolution: None
Name: 上海都市, URL: https://migu.188766.xyz/?migutoken=25fca555af4be46a9744edda1dbd024d&id=ds&type=sz, IPv_Type: ipv6, Location: 美国, ISP: CloudFlare Inc., Date: None, Delay: -1 ms, Speed: 0.00 M/s, Resolution: None
Name: 上海都市, URL: https://migu.188766.xyz/?migutoken=2f874035df0c1212db90a024f4670dce&id=ds&type=sz, IPv_Type: ipv6, Location: 美国, ISP: CloudFlare Inc., Date: None, Delay: -1 ms, Speed: 0.00 M/s, Resolution: None
Name: 上海都市, URL: http://bp-livetytv.bestv.cn/ch/bestvdspd.m3u8, IPv_Type: ipv6, Location: 中国, ISP: 中国电信, Date: None, Delay: -1 ms, Speed: 0.00 M/s, Resolution: None
Name: 东方影视, URL: http://php.jdshipin.com:8880/itv6.php?cid=bestzb&id=5000000010000032212, IPv_Type: ipv6, Location: 美国, ISP: CloudFlare Inc., Date: None, Delay: -1 ms, Speed: 0.00 M/s, Resolution: None
Name: 东方影视, URL: http://z.b.bkpcp.top/m.php?id=shys, IPv_Type: ipv6, Location: 美国, ISP: CloudFlare Inc., Date: None, Delay: -1 ms, Speed: 0.00 M/s, Resolution: None
Name: 东方影视, URL: http://gat.bkpcp.top/ymg.php?id=shys, IPv_Type: ipv6, Location: 美国, ISP: CloudFlare Inc., Date: None, Delay: -1 ms, Speed: 0.00 M/s, Resolution: None
Name: 东方影视, URL: https://migu.188766.xyz/?migutoken=bc0e05d32878b28e54d3735d235f61c0&id=%E4%B8%8A%E8%A7%86%E4%B8%9C%E6%96%B9%E5%BD%B1%E8%A7%86&type=yy, IPv_Type: ipv6, Location: 美国, ISP: CloudFlare Inc., Date: None, Delay: -1 ms, Speed: 0.00 M/s, Resolution: None
Name: 东方财经, URL: http://[2409:8087:5e00:24::2d]:6610/000000001000/1/5000000007000010003/index.m3u8?channel-id=bestzb&Contentid=5000000007000010003&livemode=1&stbId=3, IPv_Type: ipv6, Location: 中国, ISP: 中国移动, Date: None, Delay: -1 ms, Speed: 0.00 M/s, Resolution: None
Name: 东方财经, URL: http://yc.myds.me:35455/itv/5000000007000010003.m3u8?cdn=bestzb, IPv_Type: ipv6, Location: 中国, ISP: 中国电信, Date: None, Delay: -1 ms, Speed: 0.00 M/s, Resolution: None
Name: 全纪实, URL: http://183.215.134.239:19901/tsfile/live/1003_1.m3u8?key=txiptv&playlive=1&authid=0, IPv_Type: ipv4, Location: 中国-湖南-长沙, ISP: 移动, Date: None, Delay: 5045 ms, Speed: 0.48 M/s, Resolution: 1920x1080
Name: 新闻综合, URL: https://m3u8channel.yunxya.com/nmip-media/channellive/channel100028/playlist.m3u8, IPv_Type: ipv4, Location: 中国-广东-东莞, ISP: 电信, Date: None, Delay: 1946 ms, Speed: 0.70 M/s, Resolution: 1920x1080
Name: 欢笑剧场, URL: http://z.b.bkpcp.top/m.php?id=hxjc, IPv_Type: ipv6, Location: 美国, ISP: CloudFlare Inc., Date: None, Delay: -1 ms, Speed: 0.00 M/s, Resolution: None
Name: 欢笑剧场, URL: http://gat.bkpcp.top/ymg.php?id=hxjc, IPv_Type: ipv6, Location: 美国, ISP: CloudFlare Inc., Date: None, Delay: -1 ms, Speed: 0.00 M/s, Resolution: None
Name: 欢笑剧场, URL: http://goo.bkpcp.top/mg/hxjc, IPv_Type: ipv6, Location: 美国, ISP: CloudFlare Inc., Date: None, Delay: -1 ms, Speed: 0.00 M/s, Resolution: None
Name: 欢笑剧场, URL: http://[2409:8087:1e01:20::3]:80/PLTV/11/224/3221225771/1.m3u8, IPv_Type: ipv6, Location: 中国, ISP: 中国移动, Date: None, Delay: -1 ms, Speed: 0.00 M/s, Resolution: None
Name: 欢笑剧场, URL: https://shyd.695847.xyz/cms001/ch00000090990000001490/index.m3u8?IASHttpSessionId=RR4967720251014100028031761&ispcode=12, IPv_Type: ipv6, Location: 美国, ISP: CloudFlare Inc., Date: None, Delay: -1 ms, Speed: 0.00 M/s, Resolution: None
Name: 欢笑剧场, URL: https://shyd.695847.xyz/cms001/ch00000090990000001193/index.m3u8?IASHttpSessionId=RR4967720251014100028031761&ispcode=12, IPv_Type: ipv6, Location: 美国, ISP: CloudFlare Inc., Date: None, Delay: -1 ms, Speed: 0.00 M/s, Resolution: None
Name: 法治天地, URL: http://php.jdshipin.com/itv6.php?cid=bestzb&id=9001547084732463424, IPv_Type: ipv6, Location: 美国, ISP: CloudFlare Inc., Date: None, Delay: -1 ms, Speed: 0.00 M/s, Resolution: None
Name: 法治天地, URL: http://z.b.bkpcp.top/m.php?id=fztd, IPv_Type: ipv6, Location: 美国, ISP: CloudFlare Inc., Date: None, Delay: -1 ms, Speed: 0.00 M/s, Resolution: None
Name: 法治天地, URL: https://cc06.tv12.xyz/42.m3u8, IPv_Type: ipv6, Location: 美国, ISP: CloudFlare Inc., Date: None, Delay: -1 ms, Speed: 0.00 M/s, Resolution: None
Name: 法治天地, URL: http://[2409:8087:1e01:20::3]:80/PLTV/11/224/3221225994/1.m3u8, IPv_Type: ipv6, Location: 中国, ISP: 中国移动, Date: None, Delay: -1 ms, Speed: 0.00 M/s, Resolution: None
Name: 生活时尚, URL: http://8.218.84.3:8885/live/NlAhgdR475_p9pHeKE1G1rILoVl18Qqe36jUsiWqY5S26LQzNA-82o0LSiNo13OGv6JZQFaCoLKvAXAwqvyCMFxFz3MePmg1geZw74JSom3rn9fKh5ShDeNw3XMO0FTEzCpsHL8YjEsw2vYwlFudCDNPUm3lQvpd9ejH2L_6nSW4lsbr9JaMeZgL5zYqDLzQgO2MqKWkfpaxNPEEb7NiZlxF6wsiSEyD62S5y52WoJBVXAPKGfbgo92BM5R1V6XvUUyzdc85Ncy0hfc6l6IX2Q.m3u8?u=1757123819, IPv_Type: ipv4, Location: 中国-香港, ISP: 阿里云, Date: None, Delay: 467 ms, Speed: 4.07 M/s, Resolution: 1280x720
Name: 生活时尚, URL: rtsp://115.153.245.70/PLTV/88888888/224/3221225603/iptv7992.smil, IPv_Type: ipv4, Location: 中国-江西-宜春, ISP: 电信, Date: None, Delay: 10007 ms, Speed: 0.00 M/s, Resolution: None
Name: 生活时尚, URL: rtsp://115.153.254.81/PLTV/88888888/224/3221225603/iptv7992.smil, IPv_Type: ipv4, Location: 中国-江西-宜春, ISP: 电信, Date: None, Delay: 10005 ms, Speed: 0.00 M/s, Resolution: None
Name: 生活时尚, URL: rtsp://115.153.240.228:554/PLTV/88888888/224/3221225603/iptv7992.smil, IPv_Type: ipv4, Location: 中国-江西-宜春, ISP: 电信, Date: None, Delay: 10006 ms, Speed: 0.00 M/s, Resolution: None
Name: 生活时尚, URL: rtsp://115.153.212.72/PLTV/88888888/224/3221225603/iptv7992.smil, IPv_Type: ipv4, Location: 中国-江西-宜春, ISP: 电信, Date: None, Delay: 10005 ms, Speed: 0.00 M/s, Resolution: None
Name: 生活时尚, URL: rtsp://115.153.247.80/PLTV/88888888/224/3221225603/iptv7992.smil, IPv_Type: ipv4, Location: 中国-江西-宜春, ISP: 电信, Date: None, Delay: 10005 ms, Speed: 0.00 M/s, Resolution: None
Name: 生活时尚, URL: rtsp://115.153.230.145/PLTV/88888888/224/3221225603/iptv7992.smil, IPv_Type: ipv4, Location: 中国-江西-宜春, ISP: 电信, Date: None, Delay: 10005 ms, Speed: 0.00 M/s, Resolution: None
Name: 生活时尚, URL: rtsp://115.153.222.112:554/PLTV/88888888/224/3221225603/iptv7992.smil, IPv_Type: ipv4, Location: 中国-江西-宜春, ISP: 电信, Date: None, Delay: 10006 ms, Speed: 0.00 M/s, Resolution: None
Name: 生活时尚, URL: rtsp://115.153.233.154/PLTV/88888888/224/3221225603/iptv7992.smil, IPv_Type: ipv4, Location: 中国-江西-宜春, ISP: 电信, Date: None, Delay: 10005 ms, Speed: 0.00 M/s, Resolution: None
Name: 生活时尚, URL: rtsp://123.147.112.17:8089/04000001/01000000004000000000000000000418?AuthInfo=xxx&userid=gf001&userid=gf001, IPv_Type: ipv4, Location: 中国-重庆-重庆, ISP: 联通, Date: None, Delay: 10005 ms, Speed: 0.00 M/s, Resolution: None
Name: 第一财经, URL: http://[2409:8087:5e00:24::2d]:6610/000000001000/1/5000000010000027146/index.m3u8?channel-id=bestzb&Contentid=5000000010000027146&livemode=1&stbId=3, IPv_Type: ipv6, Location: 中国, ISP: 中国移动, Date: None, Delay: -1 ms, Speed: 0.00 M/s, Resolution: None
Name: 第一财经, URL: http://ls.qingting.fm/live/276.m3u8, IPv_Type: ipv6, Location: 美国, ISP: , Date: None, Delay: -1 ms, Speed: 0.00 M/s, Resolution: None
Name: 第一财经, URL: http://yc.myds.me:35455/itv/5000000010000027146.m3u8?cdn=bestzb, IPv_Type: ipv6, Location: 中国, ISP: 中国电信, Date: None, Delay: -1 ms, Speed: 0.00 M/s, Resolution: None
Name: 都市剧场, URL: http://[2409:8087:1e01:20::3]:80/PLTV/11/224/3221225762/index.m3u8, IPv_Type: ipv6, Location: 中国, ISP: 中国移动, Date: None, Delay: -1 ms, Speed: 0.00 M/s, Resolution: None
Name: 都市剧场, URL: http://[2409:8087:1e01:20::3]:80/PLTV/11/224/3221226155/index.m3u8, IPv_Type: ipv6, Location: 中国, ISP: 中国移动, Date: None, Delay: -1 ms, Speed: 0.00 M/s, Resolution: None
Name: 都市剧场, URL: https://shyd.695847.xyz/cms001/ch00000090990000001203/index.m3u8?IASHttpSessionId=RR4967720251014100028031761&ispcode=12, IPv_Type: ipv6, Location: 美国, ISP: CloudFlare Inc., Date: None, Delay: -1 ms, Speed: 0.00 M/s, Resolution: None
Name: 都市剧场, URL: https://satellitepull.cnr.cn/live/wxcqxwgb/playlist.m3u8, IPv_Type: ipv4, Location: 美国-德克萨斯州-达拉斯, ISP: 网宿科技CDN节点, Date: None, Delay: 16 ms, Speed: 6.37 M/s, Resolution: None
Name: 翡翠台, URL: http://php.jdshipin.com:8880/TVOD/iptv.php?id=fct3&token=512df05ba47edb46400575c93e179adb7981226d414516400ed1d382cb126adc517715d4ccd3a2276bf3c7b72d52f58905225cf0b1cc461b7888443f, IPv_Type: ipv6, Location: 美国, ISP: CloudFlare Inc., Date: None, Delay: -1 ms, Speed: 0.00 M/s, Resolution: None
Name: 翡翠台, URL: http://cdn9.163189.xyz/smt1.1.php?id=jade_twn, IPv_Type: ipv6, Location: 美国, ISP: CloudFlare Inc., Date: None, Delay: -1 ms, Speed: 0.00 M/s, Resolution: None
Name: 翡翠台, URL: http://v2h.jdshipin.com/jade2/jade.stream/chunklist_w100.m3u8, IPv_Type: ipv6, Location: 美国, ISP: CloudFlare Inc., Date: None, Delay: -1 ms, Speed: 0.00 M/s, Resolution: None
Name: 明珠台, URL: http://122.152.202.33/s/81a8a44f/index.m3u8?id=23, IPv_Type: ipv4, Location: 中国-上海-上海, ISP: 腾讯云, Date: None, Delay: 163 ms, Speed: 2.52 M/s, Resolution: 840x480
Name: 凤凰中文, URL: http://wouu.net:9977/rtp/239.93.0.162:2192?Cf=cfss.cc, IPv_Type: ipv6, Location: 保留地址, ISP: 主机之间的链路本地地址, Date: None, Delay: -1 ms, Speed: 0.00 M/s, Resolution: None
Name: 凤凰中文, URL: http://php.jdshipin.com/TVOD/iptv.php, IPv_Type: ipv6, Location: 美国, ISP: CloudFlare Inc., Date: None, Delay: -1 ms, Speed: 0.00 M/s, Resolution: None
Name: 凤凰资讯, URL: http://wouu.net:9977/rtp/239.93.0.118:2191?Cf=cfss.cc, IPv_Type: ipv6, Location: 保留地址, ISP: 主机之间的链路本地地址, Date: None, Delay: -1 ms, Speed: 0.00 M/s, Resolution: None
Name: 凤凰资讯, URL: http://php.jdshipin.com/TVOD/iptv.php, IPv_Type: ipv6, Location: 美国, ISP: CloudFlare Inc., Date: None, Delay: -1 ms, Speed: 0.00 M/s, Resolution: None
Name: 凤凰资讯, URL: http://cdn3.132.us.kg/live/fhzx/stream.m3u8, IPv_Type: ipv6, Location: 美国, ISP: CloudFlare Inc., Date: None, Delay: -1 ms, Speed: 0.00 M/s, Resolution: None
Name: 凤凰香港, URL: http://122.152.202.33/s/81a8a44f/index.m3u8, IPv_Type: ipv4, Location: 中国-上海-上海, ISP: 腾讯云, Date: None, Delay: 174 ms, Speed: 2.50 M/s, Resolution: 840x480
Name: 凤凰卫视, URL: http://122.152.202.33/s/81a8a44f/index.m3u8?id=15, IPv_Type: ipv4, Location: 中国-上海-上海, ISP: 腾讯云, Date: None, Delay: 171 ms, Speed: 2.17 M/s, Resolution: 840x480
Name: TVBS亚洲, URL: http://38.64.72.148:80/hls/modn/list/4005/chunklist0.m3u8, IPv_Type: ipv4, Location: 美国-加利福尼亚州-洛杉矶, ISP: Cogent, Date: None, Delay: 4212 ms, Speed: 0.56 M/s, Resolution: 1920x1080
Name: 香港卫视, URL: http://cctvtxyh5c.liveplay.myqcloud.com/cstv/xianggangweishi_2/index.m3u8, IPv_Type: ipv6, Location: 中国, ISP: 中国联通, Date: None, Delay: -1 ms, Speed: 0.00 M/s, Resolution: None
Name: 香港卫视, URL: https://yvxymm.tv12.xyz/175.m3u8, IPv_Type: ipv6, Location: 美国, ISP: CloudFlare Inc., Date: None, Delay: -1 ms, Speed: 0.00 M/s, Resolution: None
Name: 香港卫视, URL: https://migu.188766.xyz/?migutoken=71c1dbe4568d6c43573e0f04671d588f&id=%E9%A6%99%E6%B8%AF%E5%8D%AB%E8%A7%86&pp=1, IPv_Type: ipv6, Location: 美国, ISP: CloudFlare Inc., Date: None, Delay: -1 ms, Speed: 0.00 M/s, Resolution: None
Name: 香港卫视, URL: https://migu.188766.xyz/?migutoken=6804cde09f4133e69f2aaf5406a2bcc5&id=%E9%A6%99%E6%B8%AF%E5%8D%AB%E8%A7%86&type=yy, IPv_Type: ipv6, Location: 美国, ISP: CloudFlare Inc., Date: None, Delay: -1 ms, Speed: 0.00 M/s, Resolution: None
Name: 纬来体育, URL: https://epg.pw/stream/4f18dfe0593db5c686eb64ae8edaf2a9202d4d46bdc9bbde2cee27708e12ea01.m3u8, IPv_Type: ipv6, Location: 美国, ISP: CloudFlare Inc., Date: None, Delay: -1 ms, Speed: 0.00 M/s, Resolution: None
Name: 纬来育乐, URL: rtmp://f13h.mine.nu/sat/tv701, IPv_Type: ipv4, Location: 中国-台湾-台中市, ISP: 中华电信, Date: None, Delay: -1 ms, Speed: inf M/s, Resolution: 1280x720
Name: 纬来育乐, URL: rtmp://9hv9.mine.nu/sat/tv701, IPv_Type: ipv4, Location: 中国-台湾, ISP: 中华电信(HiNet)数据中心, Date: None, Delay: 1002 ms, Speed: 0.00 M/s, Resolution: None
Name: 纬来育乐, URL: rtmp://60.248.77.83/sat/tv701, IPv_Type: ipv4, Location: 中国-台湾, ISP: 中华电信(HiNet)数据中心, Date: None, Delay: 10007 ms, Speed: 0.00 M/s, Resolution: None
Name: 纬来育乐, URL: rtmp://116.93.98.236/sat/tv701.flv, IPv_Type: ipv4, Location: 菲律宾, ISP: , Date: None, Delay: 5057 ms, Speed: 0.00 M/s, Resolution: None
Name: J2, URL: http://php.jdshipin.com:8880/PLTV/iptv.php?id=j2, IPv_Type: ipv6, Location: 美国, ISP: CloudFlare Inc., Date: None, Delay: -1 ms, Speed: 0.00 M/s, Resolution: None
Name: Viutv, URL: http://php.jdshipin.com:8880/PLTV/iptv.php?id=viutv, IPv_Type: ipv6, Location: 美国, ISP: CloudFlare Inc., Date: None, Delay: -1 ms, Speed: 0.00 M/s, Resolution: None
Name: 三立台湾, URL: http://zb.xmzb.xyz/123.php?id=⚽马上oppppp一三立台湾, IPv_Type: ipv4, Location: 中国-上海-上海, ISP: 腾讯云, Date: None, Delay: 220 ms, Speed: 0.55 M/s, Resolution: 1280x720
Name: 无线新闻, URL: http://php.jdshipin.com:8880/TVOD/iptv.php?id=tvbxw, IPv_Type: ipv6, Location: 美国, ISP: CloudFlare Inc., Date: None, Delay: -1 ms, Speed: 0.00 M/s, Resolution: None
Name: 无线新闻, URL: https://cdn9.163189.xyz/smt3.1.1.php?id=inews_twn, IPv_Type: ipv6, Location: 美国, ISP: CloudFlare Inc., Date: None, Delay: -1 ms, Speed: 0.00 M/s, Resolution: None
Name: 无线新闻, URL: http://cdn9.163189.xyz/smt1.1.php?id=inews_twn, IPv_Type: ipv6, Location: 美国, ISP: CloudFlare Inc., Date: None, Delay: -1 ms, Speed: 0.00 M/s, Resolution: None
Name: 无线新闻, URL: https://v2hcdn.jdshipin.com/news/news.stream/chunklist_w105.m3u8, IPv_Type: ipv6, Location: 美国, ISP: CloudFlare Inc., Date: None, Delay: -1 ms, Speed: 0.00 M/s, Resolution: None
Name: 无线新闻, URL: http://v2hcdn.jdshipin.com/news/news.stream/chunklist_w1005.m3u8, IPv_Type: ipv6, Location: 美国, ISP: CloudFlare Inc., Date: None, Delay: -1 ms, Speed: 0.00 M/s, Resolution: None
Name: 三立新闻, URL: https://stream1.freetv.fun/san-li-xin-wen-3.m3u8, IPv_Type: ipv6, Location: 美国, ISP: CloudFlare Inc., Date: None, Delay: -1 ms, Speed: 0.00 M/s, Resolution: None
Name: 东森超视, URL: rtmp://f13h.mine.nu/sat/tv331, IPv_Type: ipv4, Location: 中国-台湾-台中市, ISP: 中华电信, Date: None, Delay: -1 ms, Speed: inf M/s, Resolution: 1280x720
Name: 东森超视, URL: rtmp://116.93.98.236/sat/tv331.flv, IPv_Type: ipv4, Location: 菲律宾, ISP: , Date: None, Delay: 5059 ms, Speed: 0.00 M/s, Resolution: None
Name: 东森超视, URL: rtmp://60.248.77.83/sat/tv331, IPv_Type: ipv4, Location: 中国-台湾, ISP: 中华电信(HiNet)数据中心, Date: None, Delay: 10006 ms, Speed: 0.00 M/s, Resolution: None
Name: 东森超视, URL: rtmp://9hv9.mine.nu/sat/tv331.flv, IPv_Type: ipv4, Location: 中国-台湾, ISP: 中华电信(HiNet)数据中心, Date: None, Delay: 754 ms, Speed: 0.00 M/s, Resolution: None
Name: 东森电影, URL: http://mytv.cdn.com.mp/live/dsdy/stream.m3u8, IPv_Type: ipv6, Location: 美国, ISP: CloudFlare Inc., Date: None, Delay: -1 ms, Speed: 0.00 M/s, Resolution: None
Name: 星卫娱乐, URL: http://61.162.52.6:8088/newlive/live/hls/60/live.m3u8, IPv_Type: ipv4, Location: 中国-山东-青岛, ISP: 联通, Date: None, Delay: 10268 ms, Speed: 0.03 M/s, Resolution: 1920x1080
